,case_id,activity,timestamp,date,resource,group,ct,at,tt,case_start,case_end,case_duration_days
186,1-345255471,Accepted-In Progress,2010-01-15 00:02:21,2010-01-15,Mats,G88 2nd,Medium impact,,5-Fri,2010-01-15 00:02:21,2012-02-08 17:14:29,754
187,1-345255471,Queued-Awaiting Assignment,2010-01-16 00:10:22,2010-01-16,Mats,G88 2nd,Medium impact,,6-Sat,2010-01-15 00:02:21,2012-02-08 17:14:29,754
209,1-351314317,Accepted-In Progress,2010-02-03 18:34:32,2010-02-03,Ewa,G21 2nd,Medium impact,,3-Wed,2010-02-03 18:34:32,2012-01-03 22:13:02,699
210,1-351314317,Queued-Awaiting Assignment,2010-02-03 18:45:18,2010-02-03,Ewa,G21 2nd,Medium impact,,3-Wed,2010-02-03 18:34:32,2012-01-03 22:13:02,699
211,1-351314317,Accepted-In Progress,2010-02-03 19:40:51,2010-02-03,Ewa,G21 2nd,Medium impact,,3-Wed,2010-02-03 18:34:32,2012-01-03 22:13:02,699
212,1-351314317,Accepted-Assigned,2010-02-03 19:40:58,2010-02-03,Ewa,G21 2nd,Medium impact,,3-Wed,2010-02-03 18:34:32,2012-01-03 22:13:02,699
274,1-358038911,Accepted-In Progress,2010-03-04 04:25:03,2010-03-04,Daniel,S30 2nd,Medium impact,,4-Thu,2010-03-04 04:25:03,2012-01-17 16:59:59,684
275,1-358038911,Unmatched-Unmatched,2010-03-12 00:44:02,2010-03-12,Daniel,S30 2nd,Medium impact,,5-Fri,2010-03-04 04:25:03,2012-01-17 16:59:59,684
355,1-365189372,Accepted-In Progress,2010-04-06 23:35:51,2010-04-06,Gustav,S30 2nd,Low impact,,2-Tue,2010-04-06 23:35:51,2012-02-22 00:00:21,686
356,1-365189372,Unmatched-Unmatched,2010-04-07 16:30:28,2010-04-07,Gustav,S30 2nd,Low impact,,3-Wed,2010-04-06 23:35:51,2012-02-22 00:00:21,686
596,1-375670011,Accepted-In Progress,2010-05-25 22:17:44,2010-05-25,Helene,S30 2nd,Medium impact,,2-Tue,2010-05-25 22:17:44,2012-01-16 23:31:56,601
598,1-376424233,Accepted-Assigned,2010-05-28 18:41:08,2010-05-28,Björn,S30 2nd,High impact,,5-Fri,2010-05-28 18:41:08,2012-01-16 22:42:34,598
733,1-381124870,Accepted-In Progress,2010-06-18 16:42:27,2010-06-18,Mikael,S33 2nd,High impact,,5-Fri,2010-06-18 16:42:27,2012-01-25 04:02:38,585
734,1-381124870,Accepted-Assigned,2010-06-18 16:45:02,2010-06-18,Mikael,S33 2nd,High impact,,5-Fri,2010-06-18 16:42:27,2012-01-25 04:02:38,585
735,1-381124870,Accepted-In Progress,2010-06-28 19:02:56,2010-06-28,Mikael,S33 2nd,High impact,,1-Mon,2010-06-18 16:42:27,2012-01-25 04:02:38,585
783,1-385201933,Accepted-In Progress,2010-07-08 12:50:41,2010-07-08,Joakim,S33 2nd,High impact,,4-Thu,2010-07-08 12:50:41,2012-01-26 20:39:55,567
784,1-385201933,Queued-Awaiting Assignment,2010-07-08 13:04:25,2010-07-08,Joakim,S33 2nd,High impact,,4-Thu,2010-07-08 12:50:41,2012-01-26 20:39:55,567
785,1-385201933,Accepted-Assigned,2010-07-09 23:06:01,2010-07-09,Mikael,S33 2nd,High impact,,5-Fri,2010-07-08 12:50:41,2012-01-26 20:39:55,567
870,1-390722958,Accepted-In Progress,2010-08-11 18:39:44,2010-08-11,Christer,S30 2nd,Low impact,,3-Wed,2010-08-11 18:39:44,2012-03-23 22:54:08,590
276,1-358038911,Accepted-In Progress,2010-08-16 19:54:31,2010-08-16,Daniel,S30 2nd,Medium impact,,1-Mon,2010-03-04 04:25:03,2012-01-17 16:59:59,684
277,1-358038911,Accepted-Wait,2010-08-16 20:13:10,2010-08-16,Daniel,S30 2nd,Medium impact,,1-Mon,2010-03-04 04:25:03,2012-01-17 16:59:59,684
736,1-381124870,Accepted-Wait,2010-09-01 20:09:24,2010-09-01,Mikael,S33 2nd,High impact,,3-Wed,2010-06-18 16:42:27,2012-01-25 04:02:38,585
912,1-397806545,Accepted-In Progress,2010-09-02 17:57:26,2010-09-02,Mikael,S33 2nd,High impact,,4-Thu,2010-09-02 17:57:26,2012-01-20 02:11:17,504
913,1-397806545,Accepted-Assigned,2010-09-02 18:16:56,2010-09-02,Mikael,S33 2nd,High impact,,4-Thu,2010-09-02 17:57:26,2012-01-20 02:11:17,504
914,1-397806545,Accepted-In Progress,2010-09-06 23:13:11,2010-09-06,Mikael,S33 2nd,High impact,,1-Mon,2010-09-02 17:57:26,2012-01-20 02:11:17,504
915,1-397806545,Accepted-Wait,2010-09-07 20:13:23,2010-09-07,Mikael,S33 2nd,High impact,,2-Tue,2010-09-02 17:57:26,2012-01-20 02:11:17,504
786,1-385201933,Accepted-Assigned,2010-09-07 21:57:19,2010-09-07,Per,S33 2nd,High impact,,2-Tue,2010-07-08 12:50:41,2012-01-26 20:39:55,567
934,1-400528782,Accepted-In Progress,2010-09-10 00:58:05,2010-09-10,Helene,S30 2nd,Medium impact,,5-Fri,2010-09-10 00:58:05,2012-02-22 00:22:08,529
939,1-402212071,Accepted-In Progress,2010-09-16 18:24:07,2010-09-16,Helene,S30 2nd,Medium impact,,4-Thu,2010-09-16 18:24:07,2012-01-16 23:49:15,487
787,1-385201933,Accepted-In Progress,2010-09-23 18:26:35,2010-09-23,Per,S33 2nd,High impact,,4-Thu,2010-07-08 12:50:41,2012-01-26 20:39:55,567
966,1-404005175,Accepted-In Progress,2010-09-24 00:32:09,2010-09-24,Per,S33 2nd,Low impact,,5-Fri,2010-09-24 00:32:09,2012-01-26 21:06:11,489
969,1-404084309,Accepted-In Progress,2010-09-24 03:58:12,2010-09-24,Per,S33 2nd,Low impact,,5-Fri,2010-09-24 03:58:12,2012-03-01 00:32:38,523
1029,1-407517548,Accepted-In Progress,2010-10-07 23:39:55,2010-10-07,Michael,G88 2nd,Medium impact,,4-Thu,2010-10-07 23:39:55,2012-01-12 02:15:59,461
1134,1-418890453,Accepted-In Progress,2010-11-10 19:48:43,2010-11-10,Gustav,S30 2nd,Medium impact,,3-Wed,2010-11-10 19:48:43,2012-02-22 00:25:20,468
1160,1-422418092,Accepted-In Progress,2010-11-20 03:20:40,2010-11-20,Viktoria,S30 2nd,Medium impact,,6-Sat,2010-11-20 03:20:40,2012-03-07 00:07:20,472
1161,1-422418092,Queued-Awaiting Assignment,2010-11-20 03:25:24,2010-11-20,Viktoria,S30 2nd,Medium impact,,6-Sat,2010-11-20 03:20:40,2012-03-07 00:07:20,472
1182,1-423724447,Accepted-In Progress,2010-11-24 20:46:46,2010-11-24,Helene,S30 2nd,Medium impact,,3-Wed,2010-11-24 20:46:46,2012-01-17 00:16:01,418
1218,1-424243405,Accepted-In Progress,2010-11-25 20:34:35,2010-11-25,Eric,S33 2nd,Medium impact,,4-Thu,2010-11-25 20:34:35,2012-02-15 06:05:03,446
788,1-385201933,Accepted-Wait,2010-12-05 22:27:07,2010-12-05,Per,S33 2nd,High impact,,7-Sun,2010-07-08 12:50:41,2012-01-26 20:39:55,567
967,1-404005175,Accepted-Wait,2010-12-05 22:28:02,2010-12-05,Per,S33 2nd,Low impact,,7-Sun,2010-09-24 00:32:09,2012-01-26 21:06:11,489
1248,1-427955007,Accepted-In Progress,2010-12-07 23:24:36,2010-12-07,Roland,S33 2nd,Medium impact,,2-Tue,2010-12-07 23:24:36,2012-01-26 19:47:59,414
1264,1-429498598,Accepted-In Progress,2010-12-13 17:41:40,2010-12-13,Gustav,S30 2nd,Medium impact,,1-Mon,2010-12-13 17:41:40,2012-02-01 19:47:23,415
1297,1-430880486,Accepted-In Progress,2010-12-16 20:55:48,2010-12-16,Katarina,S33 2nd,Medium impact,,4-Thu,2010-12-16 20:55:48,2012-02-29 23:38:04,440
1313,1-432687815,Accepted-In Progress,2010-12-22 22:09:10,2010-12-22,Bengt,G88 2nd,High impact,,3-Wed,2010-12-22 22:09:10,2012-04-02 18:35:12,466
1314,1-432687815,Accepted-Assigned,2010-12-22 22:16:21,2010-12-22,Bengt,G88 2nd,High impact,,3-Wed,2010-12-22 22:09:10,2012-04-02 18:35:12,466
1135,1-418890453,Completed-Closed,2010-12-29 19:30:03,2010-12-29,Gustav,S30 2nd,Medium impact,,3-Wed,2010-11-10 19:48:43,2012-02-22 00:25:20,468
1136,1-418890453,Accepted-In Progress,2010-12-29 19:37:12,2010-12-29,Gustav,S30 2nd,Medium impact,,3-Wed,2010-11-10 19:48:43,2012-02-22 00:25:20,468
940,1-402212071,Accepted-Wait,2010-12-29 20:21:28,2010-12-29,Helene,S30 2nd,Medium impact,,3-Wed,2010-09-16 18:24:07,2012-01-16 23:49:15,487
1381,1-438526021,Accepted-In Progress,2011-01-13 01:59:25,2011-01-13,Eric,S33 2nd,Medium impact,,4-Thu,2011-01-13 01:59:25,2012-01-09 19:16:26,361
1386,1-439833168,Accepted-In Progress,2011-01-14 22:10:28,2011-01-14,Per,S33 2nd,Low impact,,5-Fri,2011-01-14 22:10:28,2012-03-01 00:27:57,411
1389,1-439863114,Accepted-In Progress,2011-01-14 22:39:54,2011-01-14,Eric,S33 2nd,Low impact,,5-Fri,2011-01-14 22:39:54,2012-01-09 19:30:57,359
1387,1-439833168,Accepted-Wait,2011-01-14 23:54:33,2011-01-14,Per,S33 2nd,Low impact,,5-Fri,2011-01-14 22:10:28,2012-03-01 00:27:57,411
970,1-404084309,Accepted-Wait,2011-01-14 23:54:47,2011-01-14,Per,S33 2nd,Low impact,,5-Fri,2010-09-24 03:58:12,2012-03-01 00:32:38,523
1249,1-427955007,Accepted-Wait,2011-01-18 19:59:26,2011-01-18,Roland,S33 2nd,Medium impact,,2-Tue,2010-12-07 23:24:36,2012-01-26 19:47:59,414
916,1-397806545,Accepted-In Progress,2011-01-20 08:05:00,2011-01-20,Mikael,S33 2nd,High impact,,4-Thu,2010-09-02 17:57:26,2012-01-20 02:11:17,504
1405,1-443175071,Accepted-In Progress,2011-01-21 02:18:05,2011-01-21,Katarina,S33 2nd,Medium impact,,5-Fri,2011-01-21 02:18:05,2012-03-19 17:18:42,423
1250,1-427955007,Accepted-In Progress,2011-01-26 16:48:18,2011-01-26,Roland,S33 2nd,Medium impact,,3-Wed,2010-12-07 23:24:36,2012-01-26 19:47:59,414
1493,1-479002951,Accepted-In Progress,2011-02-04 23:21:41,2011-02-04,Per,S33 2nd,High impact,,5-Fri,2011-02-04 23:21:41,2012-02-29 23:27:21,390
1496,1-489198755,Accepted-In Progress,2011-02-09 01:10:53,2011-02-09,Katarina,S33 2nd,Medium impact,,3-Wed,2011-02-09 01:10:53,2012-02-15 01:45:26,371
1507,1-495101458,Accepted-In Progress,2011-02-11 00:22:20,2011-02-11,Gustav,S30 2nd,Medium impact,,5-Fri,2011-02-11 00:22:20,2012-02-22 00:29:35,376
1575,1-502353485,Accepted-In Progress,2011-02-23 19:17:42,2011-02-23,Eric,S33 2nd,High impact,,3-Wed,2011-02-23 19:17:42,2012-03-07 21:28:01,378
1582,1-502769178,Accepted-In Progress,2011-02-24 02:45:04,2011-02-24,Joakim,S33 2nd,Medium impact,,4-Thu,2011-02-24 02:45:04,2012-01-25 20:20:10,335
1583,1-502769178,Accepted-In Progress,2011-02-24 02:52:29,2011-02-24,Joakim,S33 2nd,Medium impact,,4-Thu,2011-02-24 02:45:04,2012-01-25 20:20:10,335
1589,1-504048859,Accepted-In Progress,2011-02-26 04:01:03,2011-02-26,Eric,S33 2nd,Medium impact,,6-Sat,2011-02-26 04:01:03,2012-01-09 19:20:18,317
1611,1-506092586,Accepted-In Progress,2011-03-07 21:36:20,2011-03-07,Per,S33 2nd,High impact,,1-Mon,2011-03-07 21:36:20,2012-01-26 20:25:15,324
1613,1-506108491,Accepted-In Progress,2011-03-07 21:38:53,2011-03-07,Håkan,S33 2nd,Medium impact,,1-Mon,2011-03-07 21:38:53,2012-01-23 20:15:22,321
1614,1-506108491,Accepted-Wait,2011-03-10 18:18:14,2011-03-10,Håkan,S33 2nd,Medium impact,,4-Thu,2011-03-07 21:38:53,2012-01-23 20:15:22,321
917,1-397806545,Accepted-Wait,2011-03-10 18:18:34,2011-03-10,Mikael,S33 2nd,High impact,,4-Thu,2010-09-02 17:57:26,2012-01-20 02:11:17,504
1494,1-479002951,Accepted-Wait,2011-03-13 22:11:06,2011-03-13,Per,S33 2nd,High impact,,7-Sun,2011-02-04 23:21:41,2012-02-29 23:27:21,390
1626,1-507679771,Accepted-In Progress,2011-03-15 00:04:30,2011-03-15,Katarina,S33 2nd,Medium impact,,2-Tue,2011-03-15 00:04:30,2012-02-02 01:12:52,324
1298,1-430880486,Accepted-Wait,2011-03-22 02:11:52,2011-03-22,Katarina,S33 2nd,Medium impact,,2-Tue,2010-12-16 20:55:48,2012-02-29 23:38:04,440
1497,1-489198755,Accepted-Wait,2011-03-22 02:26:55,2011-03-22,Katarina,S33 2nd,Medium impact,,2-Tue,2011-02-09 01:10:53,2012-02-15 01:45:26,371
1406,1-443175071,Accepted-Wait,2011-03-22 02:30:18,2011-03-22,Katarina,S33 2nd,Medium impact,,2-Tue,2011-01-21 02:18:05,2012-03-19 17:18:42,423
1646,1-509892697,Accepted-In Progress,2011-03-24 01:42:24,2011-03-24,Mikael,S33 2nd,Low impact,,4-Thu,2011-03-24 01:42:24,2012-01-24 02:30:27,306
1657,1-510142147,Accepted-In Progress,2011-03-24 23:03:32,2011-03-24,Gustav,S30 2nd,High impact,,4-Thu,2011-03-24 23:03:32,2012-01-31 18:45:09,312
1688,1-513031774,Accepted-In Progress,2011-04-05 16:39:04,2011-04-05,Roland,S33 2nd,Low impact,,2-Tue,2011-04-05 16:39:04,2012-03-14 00:47:40,343
1647,1-509892697,Accepted-Wait,2011-04-07 08:13:29,2011-04-07,Mikael,S33 2nd,Low impact,,4-Thu,2011-03-24 01:42:24,2012-01-24 02:30:27,306
1738,1-515461174,Accepted-In Progress,2011-04-11 23:56:28,2011-04-11,Roland,S33 2nd,Low impact,,1-Mon,2011-04-11 23:56:28,2012-03-26 17:27:45,349
1777,1-516860557,Accepted-In Progress,2011-04-14 21:59:47,2011-04-14,Gustav,S30 2nd,Medium impact,,4-Thu,2011-04-14 21:59:47,2012-02-22 00:31:54,313
1823,1-519020627,Accepted-In Progress,2011-04-20 20:22:30,2011-04-20,Gilles,G88 2nd,Low impact,,3-Wed,2011-04-20 20:22:30,2012-04-18 23:18:29,364
1877,1-520127960,Accepted-In Progress,2011-04-25 14:46:33,2011-04-25,Per,S33 2nd,High impact,,1-Mon,2011-04-25 14:46:33,2012-01-26 20:31:40,276
1878,1-520127960,Accepted-Assigned,2011-04-25 14:48:34,2011-04-25,Per,S33 2nd,High impact,,1-Mon,2011-04-25 14:46:33,2012-01-26 20:31:40,276
1251,1-427955007,Accepted-Wait,2011-04-28 16:46:03,2011-04-28,Roland,S33 2nd,Medium impact,,4-Thu,2010-12-07 23:24:36,2012-01-26 19:47:59,414
1576,1-502353485,Accepted-Wait,2011-05-04 16:18:17,2011-05-04,Eric,S33 2nd,High impact,,3-Wed,2011-02-23 19:17:42,2012-03-07 21:28:01,378
1382,1-438526021,Accepted-Wait,2011-05-04 16:20:36,2011-05-04,Eric,S33 2nd,Medium impact,,3-Wed,2011-01-13 01:59:25,2012-01-09 19:16:26,361
1590,1-504048859,Accepted-Wait,2011-05-04 16:21:13,2011-05-04,Eric,S33 2nd,Medium impact,,3-Wed,2011-02-26 04:01:03,2012-01-09 19:20:18,317
1219,1-424243405,Accepted-Wait,2011-05-04 16:24:58,2011-05-04,Eric,S33 2nd,Medium impact,,3-Wed,2010-11-25 20:34:35,2012-02-15 06:05:03,446
1390,1-439863114,Accepted-Wait,2011-05-04 16:27:15,2011-05-04,Eric,S33 2nd,Low impact,,3-Wed,2011-01-14 22:39:54,2012-01-09 19:30:57,359
1584,1-502769178,Accepted-Wait,2011-05-04 18:05:50,2011-05-04,Joakim,S33 2nd,Medium impact,,3-Wed,2011-02-24 02:45:04,2012-01-25 20:20:10,335
1965,1-524356958,Accepted-In Progress,2011-05-10 15:37:04,2011-05-10,Eric,S33 2nd,Medium impact,,2-Tue,2011-05-10 15:37:04,2012-01-09 19:28:28,244
1966,1-524356958,Accepted-Wait,2011-05-10 15:37:21,2011-05-10,Eric,S33 2nd,Medium impact,,2-Tue,2011-05-10 15:37:04,2012-01-09 19:28:28,244
1993,1-525589021,Accepted-In Progress,2011-05-14 01:23:13,2011-05-14,Katarina,S33 2nd,Medium impact,,6-Sat,2011-05-14 01:23:13,2012-02-02 01:40:02,264
1995,1-526037041,Accepted-In Progress,2011-05-16 23:09:56,2011-05-16,Katarina,S33 2nd,Medium impact,,1-Mon,2011-05-16 23:09:56,2012-02-02 01:50:06,261
2003,1-526369142,Accepted-In Progress,2011-05-17 22:37:22,2011-05-17,Gustav,S30 2nd,Low impact,,2-Tue,2011-05-17 22:37:22,2012-02-22 00:34:36,280
2018,1-526647987,Accepted-In Progress,2011-05-18 17:46:34,2011-05-18,Gustav,S30 2nd,High impact,,3-Wed,2011-05-18 17:46:34,2012-02-22 00:20:52,279
2021,1-527208576,Accepted-In Progress,2011-05-20 07:28:42,2011-05-20,Roland,S33 2nd,Low impact,,5-Fri,2011-05-20 07:28:42,2012-02-09 07:43:06,265
2110,1-532816930,Accepted-In Progress,2011-06-11 01:33:05,2011-06-11,Eric,S33 2nd,Medium impact,,6-Sat,2011-06-11 01:33:05,2012-01-09 19:29:29,212
2111,1-532816930,Accepted-In Progress,2011-06-11 01:34:10,2011-06-11,Eric,S33 2nd,Medium impact,,6-Sat,2011-06-11 01:33:05,2012-01-09 19:29:29,212
2229,1-538297321,Accepted-Assigned,2011-07-01 20:28:18,2011-07-01,Magnus,S33 2nd,Low impact,,5-Fri,2011-07-01 20:28:18,2012-02-16 21:00:18,230
2235,1-538411483,Accepted-In Progress,2011-07-02 01:48:55,2011-07-02,Mikael,S33 2nd,Medium impact,,6-Sat,2011-07-02 01:48:55,2012-01-31 02:58:49,213
2246,1-539083171,Accepted-In Progress,2011-07-05 22:33:46,2011-07-05,Katarina,S33 2nd,Medium impact,,2-Tue,2011-07-05 22:33:46,2012-05-24 02:00:04,323
2424,1-544876956,Accepted-In Progress,2011-08-03 15:37:05,2011-08-03,Arun,G88 2nd,Low impact,,3-Wed,2011-08-03 15:37:05,2012-01-24 18:17:58,174
2505,1-550611848,Accepted-In Progress,2011-08-17 00:45:30,2011-08-17,Bharath,S33 2nd,Medium impact,,3-Wed,2011-08-17 00:45:30,2012-05-04 19:56:48,261
2500,1-550577363,Accepted-In Progress,2011-08-17 00:50:16,2011-08-17,Sathish,G88 2nd,Medium impact,,3-Wed,2011-08-17 00:50:16,2012-01-05 16:43:17,141
2501,1-550577363,Accepted-Wait,2011-08-17 00:54:00,2011-08-17,Sathish,G88 2nd,Medium impact,,3-Wed,2011-08-17 00:50:16,2012-01-05 16:43:17,141
2502,1-550577363,Accepted-Wait,2011-08-17 00:54:13,2011-08-17,Sathish,G88 2nd,Medium impact,,3-Wed,2011-08-17 00:50:16,2012-01-05 16:43:17,141
2564,1-560703011,Accepted-In Progress,2011-08-23 22:30:43,2011-08-23,Gustav,S30 2nd,Low impact,,2-Tue,2011-08-23 22:30:43,2012-02-22 00:42:50,182
1265,1-429498598,Accepted-In Progress,2011-08-26 21:58:26,2011-08-26,Gustav,S30 2nd,Medium impact,,5-Fri,2010-12-13 17:41:40,2012-02-01 19:47:23,415
599,1-376424233,Accepted-In Progress,2011-08-26 22:14:03,2011-08-26,Gustav,S30 2nd,High impact,,5-Fri,2010-05-28 18:41:08,2012-01-16 22:42:34,598
1658,1-510142147,Accepted-In Progress,2011-08-26 23:28:34,2011-08-26,Gustav,S30 2nd,High impact,,5-Fri,2011-03-24 23:03:32,2012-01-31 18:45:09,312
1315,1-432687815,Accepted-In Progress,2011-08-31 19:03:38,2011-08-31,Bengt,G88 2nd,High impact,,3-Wed,2010-12-22 22:09:10,2012-04-02 18:35:12,466
1585,1-502769178,Queued-Awaiting Assignment,2011-09-05 18:10:57,2011-09-05,Joakim,S33 2nd,Medium impact,,1-Mon,2011-02-24 02:45:04,2012-01-25 20:20:10,335
2690,1-567718361,Accepted-In Progress,2011-09-06 18:29:51,2011-09-06,Fredrik,G88 2nd,Medium impact,,2-Tue,2011-09-06 18:29:51,2012-03-27 02:00:49,202
2738,1-573280988,Accepted-In Progress,2011-09-13 00:27:08,2011-09-13,Gustav,S30 2nd,Low impact,,2-Tue,2011-09-13 00:27:08,2012-02-22 00:44:10,162
2795,1-574222268,Accepted-In Progress,2011-09-15 00:33:52,2011-09-15,David,S30 2nd,Medium impact,,4-Thu,2011-09-15 00:33:52,2012-01-31 06:46:22,138
188,1-345255471,Queued-Awaiting Assignment,2011-09-23 23:06:05,2011-09-23,Mats,G88 2nd,Medium impact,,5-Fri,2010-01-15 00:02:21,2012-02-08 17:14:29,754
2923,1-578252937,Accepted-In Progress,2011-09-27 22:03:45,2011-09-27,Lars-Ove,G88 2nd,Low impact,,2-Tue,2011-09-27 22:03:45,2012-04-17 20:36:39,202
2925,1-578579972,Accepted-In Progress,2011-09-28 17:32:35,2011-09-28,Håkan,S33 2nd,Low impact,,3-Wed,2011-09-28 17:32:35,2012-01-16 19:22:21,110
2943,1-578686199,Accepted-In Progress,2011-09-28 22:01:35,2011-09-28,Antony,G88 2nd,Medium impact,,3-Wed,2011-09-28 22:01:35,2012-04-16 19:49:57,200
2960,1-579250167,Accepted-In Progress,2011-09-30 12:22:34,2011-09-30,Hineesh,G88 2nd,Medium impact,,5-Fri,2011-09-30 12:22:34,2012-04-12 22:37:07,195
2993,1-579636429,Accepted-In Progress,2011-10-01 05:11:41,2011-10-01,Roland,S33 2nd,Medium impact,,6-Sat,2011-10-01 05:11:41,2012-01-26 20:38:12,117
2999,1-580325905,Accepted-In Progress,2011-10-03 22:50:45,2011-10-03,Eric,S33 2nd,Medium impact,,1-Mon,2011-10-03 22:50:45,2012-01-09 19:30:10,97
3027,1-581815727,Accepted-In Progress,2011-10-06 01:35:45,2011-10-06,Robert,G88 2nd,Major impact,,4-Thu,2011-10-06 01:35:45,2012-01-12 14:42:35,98
3028,1-581815727,Queued-Awaiting Assignment,2011-10-06 01:41:36,2011-10-06,Robert,G88 2nd,Major impact,,4-Thu,2011-10-06 01:35:45,2012-01-12 14:42:35,98
3049,1-582401721,Accepted-In Progress,2011-10-06 23:15:59,2011-10-06,Gustav,S30 2nd,Medium impact,,4-Thu,2011-10-06 23:15:59,2012-02-22 00:57:29,138
3073,1-584776062,Accepted-In Progress,2011-10-11 23:38:52,2011-10-11,Samira,S33 2nd,High impact,,2-Tue,2011-10-11 23:38:52,2012-02-16 02:20:49,127
1030,1-407517548,Accepted-In Progress,2011-10-13 01:49:01,2011-10-13,Michael,G88 2nd,Medium impact,,4-Thu,2010-10-07 23:39:55,2012-01-12 02:15:59,461
3159,1-589099869,Accepted-In Progress,2011-10-18 20:06:35,2011-10-18,Torbjörn,S33 2nd,Low impact,,2-Tue,2011-10-18 20:06:35,2012-01-09 22:54:21,83
3184,1-590574771,Queued-Awaiting Assignment,2011-10-20 05:47:58,2011-10-20,Robert,G88 2nd,High impact,,4-Thu,2011-10-20 05:47:58,2012-01-04 16:12:48,76
3189,1-590579544,Accepted-In Progress,2011-10-20 05:55:35,2011-10-20,Roland,S33 2nd,High impact,,4-Thu,2011-10-20 05:55:35,2012-01-26 20:18:45,98
1586,1-502769178,Accepted-Assigned,2011-10-20 17:58:13,2011-10-20,Mikael,S33 2nd,Medium impact,,4-Thu,2011-02-24 02:45:04,2012-01-25 20:20:10,335
3185,1-590574771,Accepted-In Progress,2011-10-20 19:38:25,2011-10-20,Ramith,G88 2nd,High impact,,4-Thu,2011-10-20 05:47:58,2012-01-04 16:12:48,76
3191,1-591301260,Accepted-In Progress,2011-10-20 22:39:33,2011-10-20,Håkan,S33 2nd,Medium impact,,4-Thu,2011-10-20 22:39:33,2012-03-13 22:19:08,144
1967,1-524356958,Accepted-Wait,2011-10-21 05:20:55,2011-10-21,Eric,S33 2nd,Medium impact,,5-Fri,2011-05-10 15:37:04,2012-01-09 19:28:28,244
3217,1-593022224,Accepted-In Progress,2011-10-23 18:39:49,2011-10-23,Eric,S33 2nd,Medium impact,,7-Sun,2011-10-23 18:39:49,2012-01-09 19:21:47,78
3029,1-581815727,Accepted-Assigned,2011-10-25 17:26:57,2011-10-25,Jonathan,G88 2nd,Major impact,,2-Tue,2011-10-06 01:35:45,2012-01-12 14:42:35,98
3246,1-594666837,Accepted-In Progress,2011-10-25 23:23:06,2011-10-25,Jörgen,G88 2nd,Medium impact,,2-Tue,2011-10-25 23:23:06,2012-02-29 01:00:13,126
3259,1-595687232,Accepted-In Progress,2011-10-27 01:28:06,2011-10-27,Gustav,S30 2nd,Medium impact,,4-Thu,2011-10-27 01:28:06,2012-03-23 19:51:13,148
3264,1-596251950,Accepted-In Progress,2011-10-27 17:39:11,2011-10-27,Christer,S30 2nd,Medium impact,,4-Thu,2011-10-27 17:39:11,2012-03-23 22:52:47,148
3265,1-596251950,Accepted-Assigned,2011-10-27 20:37:42,2011-10-27,Christer,S30 2nd,Medium impact,,4-Thu,2011-10-27 17:39:11,2012-03-23 22:52:47,148
2022,1-527208576,Accepted-Wait,2011-10-27 21:59:32,2011-10-27,Roland,S33 2nd,Low impact,,4-Thu,2011-05-20 07:28:42,2012-02-09 07:43:06,265
3294,1-597231167,Accepted-In Progress,2011-10-28 22:17:58,2011-10-28,Pratap,G88 2nd,Medium impact,,5-Fri,2011-10-28 22:17:58,2012-03-09 22:07:07,132
3295,1-597231167,Accepted-In Progress,2011-10-28 22:27:42,2011-10-28,Pratap,G88 2nd,Medium impact,,5-Fri,2011-10-28 22:17:58,2012-03-09 22:07:07,132
3260,1-595687232,Accepted-In Progress,2011-11-01 18:25:19,2011-11-01,Gustav,S30 2nd,Medium impact,,2-Tue,2011-10-27 01:28:06,2012-03-23 19:51:13,148
3261,1-595687232,Accepted-Assigned,2011-11-01 18:26:11,2011-11-01,Jonas,S30 2nd,Medium impact,,2-Tue,2011-10-27 01:28:06,2012-03-23 19:51:13,148
3346,1-599626401,Queued-Awaiting Assignment,2011-11-02 01:12:37,2011-11-02,Robert,G88 2nd,High impact,,3-Wed,2011-11-02 01:12:37,2012-01-07 03:56:19,66
3350,1-600432558,Accepted-In Progress,2011-11-02 18:00:44,2011-11-02,Andreas,S30 2nd,High impact,,3-Wed,2011-11-02 18:00:44,2012-01-30 22:43:57,89
3351,1-600432558,Accepted-Assigned,2011-11-02 18:03:13,2011-11-02,Andreas,S30 2nd,High impact,,3-Wed,2011-11-02 18:00:44,2012-01-30 22:43:57,89
3186,1-590574771,Completed-Closed,2011-11-07 04:42:28,2011-11-07,Ramith,G88 2nd,High impact,,1-Mon,2011-10-20 05:47:58,2012-01-04 16:12:48,76
3438,1-603537274,Accepted-In Progress,2011-11-07 15:50:44,2011-11-07,KumarGuru,G88 2nd,Medium impact,,1-Mon,2011-11-07 15:50:44,2012-05-28 15:16:32,202
3439,1-603537274,Accepted-Wait,2011-11-07 15:51:29,2011-11-07,KumarGuru,G88 2nd,Medium impact,,1-Mon,2011-11-07 15:50:44,2012-05-28 15:16:32,202
3440,1-603537274,Accepted-Assigned,2011-11-07 15:51:56,2011-11-07,KumarGuru,G88 2nd,Medium impact,,1-Mon,2011-11-07 15:50:44,2012-05-28 15:16:32,202
3347,1-599626401,Accepted-Assigned,2011-11-07 17:23:28,2011-11-07,Joshua,G88 2nd,High impact,,1-Mon,2011-11-02 01:12:37,2012-01-07 03:56:19,66
3456,1-604604928,Accepted-In Progress,2011-11-08 21:29:53,2011-11-08,J,G88 2nd,Medium impact,,2-Tue,2011-11-08 21:29:53,2012-01-11 14:34:37,63
3457,1-604604928,Accepted-Wait,2011-11-08 21:54:05,2011-11-08,J,G88 2nd,Medium impact,,2-Tue,2011-11-08 21:29:53,2012-01-11 14:34:37,63
3441,1-603537274,Accepted-Assigned,2011-11-08 23:56:57,2011-11-08,KumarGuru,G88 2nd,Medium impact,,2-Tue,2011-11-07 15:50:44,2012-05-28 15:16:32,202
935,1-400528782,Completed-Closed,2011-11-09 23:09:30,2011-11-09,Helene,S30 2nd,Medium impact,,3-Wed,2010-09-10 00:58:05,2012-02-22 00:22:08,529
936,1-400528782,Accepted-In Progress,2011-11-09 23:49:03,2011-11-09,Helene,S30 2nd,Medium impact,,3-Wed,2010-09-10 00:58:05,2012-02-22 00:22:08,529
3187,1-590574771,Accepted-In Progress,2011-11-12 00:47:02,2011-11-12,Ramith,G88 2nd,High impact,,6-Sat,2011-10-20 05:47:58,2012-01-04 16:12:48,76
3524,1-607520800,Accepted-In Progress,2011-11-15 18:26:37,2011-11-15,Mikael,S33 2nd,Major impact,,2-Tue,2011-11-15 18:26:37,2012-03-20 01:07:06,125
3527,1-607840637,Accepted-In Progress,2011-11-15 23:15:57,2011-11-15,Rickard,S33 2nd,Low impact,,2-Tue,2011-11-15 23:15:57,2012-01-27 22:46:02,72
3560,1-611605221,Accepted-In Progress,2011-11-18 20:16:41,2011-11-18,Mikael,S33 2nd,High impact,,5-Fri,2011-11-18 20:16:41,2012-01-26 03:27:07,68
3580,1-613033122,Accepted-In Progress,2011-11-21 18:34:45,2011-11-21,Roland,S33 2nd,Medium impact,,1-Mon,2011-11-21 18:34:45,2012-02-09 06:42:42,79
3352,1-600432558,Accepted-In Progress,2011-11-21 23:52:20,2011-11-21,Gustav,S30 2nd,High impact,,1-Mon,2011-11-02 18:00:44,2012-01-30 22:43:57,89
2230,1-538297321,Queued-Awaiting Assignment,2011-11-22 00:30:28,2011-11-22,Joakim,S33 2nd,Low impact,,2-Tue,2011-07-01 20:28:18,2012-02-16 21:00:18,230
2231,1-538297321,Accepted-In Progress,2011-11-22 00:57:42,2011-11-22,Rickard,S33 2nd,Low impact,,2-Tue,2011-07-01 20:28:18,2012-02-16 21:00:18,230
3592,1-613412559,Accepted-In Progress,2011-11-22 01:27:27,2011-11-22,Joshua,G88 2nd,Medium impact,,2-Tue,2011-11-22 01:27:27,2012-01-07 03:59:13,46
3599,1-613740745,Accepted-In Progress,2011-11-22 16:32:34,2011-11-22,Sarath,G88 2nd,Medium impact,,2-Tue,2011-11-22 16:32:34,2012-01-04 19:44:19,43
3609,1-614451236,Accepted-In Progress,2011-11-23 16:06:12,2011-11-23,Bjarne,G88 2nd,Medium impact,,3-Wed,2011-11-23 16:06:12,2012-03-20 22:47:33,118
3626,1-616288482,Accepted-In Progress,2011-11-24 23:07:54,2011-11-24,Robert,G88 2nd,Medium impact,,4-Thu,2011-11-24 23:07:54,2012-03-19 16:12:22,115
3627,1-616288482,Accepted-In Progress,2011-11-24 23:08:48,2011-11-24,Robert,G88 2nd,Medium impact,,4-Thu,2011-11-24 23:07:54,2012-03-19 16:12:22,115
3628,1-616288482,Accepted-Wait,2011-11-24 23:16:44,2011-11-24,Robert,G88 2nd,Medium impact,,4-Thu,2011-11-24 23:07:54,2012-03-19 16:12:22,115
3629,1-616288482,Accepted-Assigned,2011-11-24 23:20:36,2011-11-24,Robert,G88 2nd,Medium impact,,4-Thu,2011-11-24 23:07:54,2012-03-19 16:12:22,115
3630,1-616288482,Accepted-In Progress,2011-11-24 23:20:44,2011-11-24,J,G88 2nd,Medium impact,,4-Thu,2011-11-24 23:07:54,2012-03-19 16:12:22,115
3631,1-616288482,Accepted-Assigned,2011-11-24 23:20:56,2011-11-24,KumarGuru,G88 2nd,Medium impact,,4-Thu,2011-11-24 23:07:54,2012-03-19 16:12:22,115
3657,1-617084616,Accepted-In Progress,2011-11-26 01:02:27,2011-11-26,Roland,S33 2nd,Medium impact,,6-Sat,2011-11-26 01:02:27,2012-02-09 06:55:10,75
3660,1-617356985,Accepted-In Progress,2011-11-28 18:22:46,2011-11-28,Robert,G88 2nd,Medium impact,,1-Mon,2011-11-28 18:22:46,2012-03-13 20:44:47,106
3581,1-613033122,Accepted-Wait,2011-11-29 01:12:09,2011-11-29,Roland,S33 2nd,Medium impact,,2-Tue,2011-11-21 18:34:45,2012-02-09 06:42:42,79
3661,1-617356985,Completed-Closed,2011-11-29 18:48:55,2011-11-29,Robert,G88 2nd,Medium impact,,2-Tue,2011-11-28 18:22:46,2012-03-13 20:44:47,106
3708,1-618171180,Accepted-In Progress,2011-11-30 19:02:03,2011-11-30,J,G88 2nd,Medium impact,,3-Wed,2011-11-30 19:02:03,2012-01-03 21:57:51,34
3709,1-618171180,Accepted-Wait,2011-11-30 19:13:35,2011-11-30,J,G88 2nd,Medium impact,,3-Wed,2011-11-30 19:02:03,2012-01-03 21:57:51,34
3824,1-619201265,Accepted-In Progress,2011-12-02 23:17:15,2011-12-02,Fredrik,S30 2nd,High impact,,5-Fri,2011-12-02 23:17:15,2012-01-17 18:16:30,45
3658,1-617084616,Accepted-Wait,2011-12-05 17:23:00,2011-12-05,Roland,S33 2nd,Medium impact,,1-Mon,2011-11-26 01:02:27,2012-02-09 06:55:10,75
3843,1-619575181,Accepted-In Progress,2011-12-05 18:33:37,2011-12-05,Antony,G88 2nd,Major impact,,1-Mon,2011-12-05 18:33:37,2012-01-05 04:09:15,30
3582,1-613033122,Accepted-In Progress,2011-12-06 05:38:55,2011-12-06,Roland,S33 2nd,Medium impact,,2-Tue,2011-11-21 18:34:45,2012-02-09 06:42:42,79
3882,1-620015297,Accepted-In Progress,2011-12-06 16:51:12,2011-12-06,Rickard,S33 2nd,Medium impact,,2-Tue,2011-12-06 16:51:12,2012-02-08 23:12:13,64
3907,1-620656965,Accepted-In Progress,2011-12-07 23:57:08,2011-12-07,Torbjörn,S33 2nd,Medium impact,,3-Wed,2011-12-07 23:57:08,2012-01-09 22:50:31,32
3939,1-621369891,Accepted-In Progress,2011-12-09 19:00:42,2011-12-09,Torbjörn,S33 2nd,High impact,,5-Fri,2011-12-09 19:00:42,2012-01-03 17:43:57,24
3074,1-584776062,Accepted-Wait,2011-12-09 19:26:24,2011-12-09,Samira,S33 2nd,High impact,,5-Fri,2011-10-11 23:38:52,2012-02-16 02:20:49,127
3525,1-607520800,Accepted-Wait,2011-12-09 21:12:43,2011-12-09,Mikael,S33 2nd,Major impact,,5-Fri,2011-11-15 18:26:37,2012-03-20 01:07:06,125
1739,1-515461174,Accepted-Assigned,2011-12-13 19:21:26,2011-12-13,Roland,S33 2nd,Low impact,,2-Tue,2011-04-11 23:56:28,2012-03-26 17:27:45,349
4058,1-624219528,Accepted-In Progress,2011-12-15 19:55:26,2011-12-15,Rickard,S33 2nd,Low impact,,4-Thu,2011-12-15 19:55:26,2012-03-27 19:36:54,102
4081,1-624745314,Accepted-In Progress,2011-12-16 18:51:26,2011-12-16,Rickard,S33 2nd,High impact,,5-Fri,2011-12-16 18:51:26,2012-02-08 23:15:41,54
4116,1-626292231,Accepted-In Progress,2011-12-20 10:48:36,2011-12-20,Vaibhav,G88 2nd,Medium impact,,2-Tue,2011-12-20 10:48:36,2012-05-28 20:06:04,160
4117,1-626292231,Accepted-In Progress,2011-12-20 10:49:14,2011-12-20,Vaibhav,G88 2nd,Medium impact,,2-Tue,2011-12-20 10:48:36,2012-05-28 20:06:04,160
213,1-351314317,Accepted-In Progress,2011-12-21 07:25:19,2011-12-21,Ewa,G21 2nd,Medium impact,,3-Wed,2010-02-03 18:34:32,2012-01-03 22:13:02,699
2425,1-544876956,Accepted-Wait,2011-12-21 18:12:45,2011-12-21,Arun,G88 2nd,Low impact,,3-Wed,2011-08-03 15:37:05,2012-01-24 18:17:58,174
3296,1-597231167,Accepted-In Progress,2011-12-21 21:33:25,2011-12-21,Pratap,G88 2nd,Medium impact,,3-Wed,2011-10-28 22:17:58,2012-03-09 22:07:07,132
3297,1-597231167,Accepted-Wait,2011-12-21 21:33:48,2011-12-21,Pratap,G88 2nd,Medium impact,,3-Wed,2011-10-28 22:17:58,2012-03-09 22:07:07,132
3844,1-619575181,Completed-Closed,2011-12-26 11:29:02,2011-12-26,Antony,G88 2nd,Major impact,,1-Mon,2011-12-05 18:33:37,2012-01-05 04:09:15,30
4211,1-629629428,Accepted-In Progress,2011-12-27 18:05:25,2011-12-27,Christian,G88 2nd,Medium impact,,2-Tue,2011-12-27 18:05:25,2012-05-24 23:41:49,149
3298,1-597231167,Queued-Awaiting Assignment,2011-12-31 02:11:45,2011-12-31,Robert,G88 2nd,Medium impact,,6-Sat,2011-10-28 22:17:58,2012-03-09 22:07:07,132
3940,1-621369891,Completed-Closed,2012-01-03 17:43:57,2012-01-03,Torbjörn,S33 2nd,High impact,,2-Tue,2011-12-09 19:00:42,2012-01-03 17:43:57,24
3710,1-618171180,Completed-Closed,2012-01-03 21:57:51,2012-01-03,J,G88 2nd,Medium impact,,2-Tue,2011-11-30 19:02:03,2012-01-03 21:57:51,34
214,1-351314317,Completed-Closed,2012-01-03 22:13:02,2012-01-03,Ewa,G21 2nd,Medium impact,,2-Tue,2010-02-03 18:34:32,2012-01-03 22:13:02,699
4253,1-633184307,Accepted-In Progress,2012-01-04 06:31:30,2012-01-04,Sean,G88 2nd,Low impact,,3-Wed,2012-01-04 06:31:30,2012-03-14 23:23:58,70
3188,1-590574771,Completed-Closed,2012-01-04 16:12:48,2012-01-04,Ramith,G88 2nd,High impact,,3-Wed,2011-10-20 05:47:58,2012-01-04 16:12:48,76
4255,1-634447637,Accepted-In Progress,2012-01-04 19:39:31,2012-01-04,Sathish,G88 2nd,Low impact,,3-Wed,2012-01-04 19:39:31,2012-01-30 14:05:38,25
4256,1-634447637,Accepted-Wait,2012-01-04 19:42:06,2012-01-04,Sathish,G88 2nd,Low impact,,3-Wed,2012-01-04 19:39:31,2012-01-30 14:05:38,25
3600,1-613740745,Completed-Closed,2012-01-04 19:44:19,2012-01-04,Sarath,G88 2nd,Medium impact,,3-Wed,2011-11-22 16:32:34,2012-01-04 19:44:19,43
3845,1-619575181,Accepted-In Progress,2012-01-05 03:57:37,2012-01-05,Antony,G88 2nd,Major impact,,4-Thu,2011-12-05 18:33:37,2012-01-05 04:09:15,30
3846,1-619575181,Completed-Closed,2012-01-05 04:09:15,2012-01-05,Antony,G88 2nd,Major impact,,4-Thu,2011-12-05 18:33:37,2012-01-05 04:09:15,30
2503,1-550577363,Accepted-In Progress,2012-01-05 16:41:25,2012-01-05,Sathish,G88 2nd,Medium impact,,4-Thu,2011-08-17 00:50:16,2012-01-05 16:43:17,141
2504,1-550577363,Completed-Closed,2012-01-05 16:43:17,2012-01-05,Sathish,G88 2nd,Medium impact,,4-Thu,2011-08-17 00:50:16,2012-01-05 16:43:17,141
2961,1-579250167,Accepted-Wait,2012-01-06 06:58:23,2012-01-06,Hineesh,G88 2nd,Medium impact,,5-Fri,2011-09-30 12:22:34,2012-04-12 22:37:07,195
4285,1-636102195,Accepted-In Progress,2012-01-07 01:05:47,2012-01-07,Robert,G88 2nd,Medium impact,,6-Sat,2012-01-07 01:05:47,2012-03-29 01:51:35,82
4286,1-636102195,Accepted-Wait,2012-01-07 01:15:10,2012-01-07,Robert,G88 2nd,Medium impact,,6-Sat,2012-01-07 01:05:47,2012-03-29 01:51:35,82
3348,1-599626401,Accepted-In Progress,2012-01-07 03:54:50,2012-01-07,Robert,G88 2nd,High impact,,6-Sat,2011-11-02 01:12:37,2012-01-07 03:56:19,66
3349,1-599626401,Completed-Closed,2012-01-07 03:56:19,2012-01-07,Robert,G88 2nd,High impact,,6-Sat,2011-11-02 01:12:37,2012-01-07 03:56:19,66
3593,1-613412559,Completed-Closed,2012-01-07 03:59:13,2012-01-07,Joshua,G88 2nd,Medium impact,,6-Sat,2011-11-22 01:27:27,2012-01-07 03:59:13,46
4291,1-636501102,Accepted-In Progress,2012-01-07 20:40:01,2012-01-07,Mikael,S33 2nd,High impact,,6-Sat,2012-01-07 20:40:01,2012-01-31 03:01:01,23
1587,1-502769178,Accepted-Wait,2012-01-08 11:14:30,2012-01-08,Mikael,S33 2nd,Medium impact,,7-Sun,2011-02-24 02:45:04,2012-01-25 20:20:10,335
1383,1-438526021,Completed-Closed,2012-01-09 19:16:26,2012-01-09,Eric,S33 2nd,Medium impact,,1-Mon,2011-01-13 01:59:25,2012-01-09 19:16:26,361
1591,1-504048859,Accepted-Wait,2012-01-09 19:20:17,2012-01-09,Eric,S33 2nd,Medium impact,,1-Mon,2011-02-26 04:01:03,2012-01-09 19:20:18,317
1592,1-504048859,Completed-Closed,2012-01-09 19:20:18,2012-01-09,Eric,S33 2nd,Medium impact,,1-Mon,2011-02-26 04:01:03,2012-01-09 19:20:18,317
3218,1-593022224,Completed-Closed,2012-01-09 19:21:47,2012-01-09,Eric,S33 2nd,Medium impact,,1-Mon,2011-10-23 18:39:49,2012-01-09 19:21:47,78
1968,1-524356958,Completed-Closed,2012-01-09 19:28:28,2012-01-09,Eric,S33 2nd,Medium impact,,1-Mon,2011-05-10 15:37:04,2012-01-09 19:28:28,244
2112,1-532816930,Completed-Closed,2012-01-09 19:29:29,2012-01-09,Eric,S33 2nd,Medium impact,,1-Mon,2011-06-11 01:33:05,2012-01-09 19:29:29,212
3000,1-580325905,Completed-Closed,2012-01-09 19:30:10,2012-01-09,Eric,S33 2nd,Medium impact,,1-Mon,2011-10-03 22:50:45,2012-01-09 19:30:10,97
1391,1-439863114,Completed-Closed,2012-01-09 19:30:57,2012-01-09,Eric,S33 2nd,Low impact,,1-Mon,2011-01-14 22:39:54,2012-01-09 19:30:57,359
4325,1-637035141,Accepted-In Progress,2012-01-09 20:42:24,2012-01-09,Lars,S33 2nd,High impact,,1-Mon,2012-01-09 20:42:24,2012-04-11 23:27:17,93
3908,1-620656965,Completed-Closed,2012-01-09 22:50:31,2012-01-09,Torbjörn,S33 2nd,Medium impact,,1-Mon,2011-12-07 23:57:08,2012-01-09 22:50:31,32
3160,1-589099869,Completed-Closed,2012-01-09 22:54:21,2012-01-09,Torbjörn,S33 2nd,Low impact,,1-Mon,2011-10-18 20:06:35,2012-01-09 22:54:21,83
4356,1-637580967,Accepted-In Progress,2012-01-10 18:32:32,2012-01-10,J,G88 2nd,Medium impact,,2-Tue,2012-01-10 18:32:32,2012-01-18 14:47:11,7
4357,1-637580967,Accepted-Wait,2012-01-10 18:39:27,2012-01-10,J,G88 2nd,Medium impact,,2-Tue,2012-01-10 18:32:32,2012-01-18 14:47:11,7
4361,1-637685994,Accepted-In Progress,2012-01-10 19:07:38,2012-01-10,Göran,S33 2nd,Medium impact,,2-Tue,2012-01-10 19:07:38,2012-05-19 22:58:35,130
4370,1-637713651,Accepted-In Progress,2012-01-10 19:27:07,2012-01-10,Håkan,S33 2nd,Low impact,,2-Tue,2012-01-10 19:27:07,2012-01-13 21:32:34,3
4374,1-637893062,Accepted-In Progress,2012-01-10 23:05:54,2012-01-10,Samira,S33 2nd,Medium impact,,2-Tue,2012-01-10 23:05:54,2012-03-13 01:22:39,62
1615,1-506108491,Accepted-Assigned,2012-01-11 00:16:51,2012-01-11,Håkan,S33 2nd,Medium impact,,3-Wed,2011-03-07 21:38:53,2012-01-23 20:15:22,321
3458,1-604604928,Completed-Closed,2012-01-11 14:34:37,2012-01-11,J,G88 2nd,Medium impact,,3-Wed,2011-11-08 21:29:53,2012-01-11 14:34:37,63
1031,1-407517548,Completed-Closed,2012-01-12 02:15:59,2012-01-12,Michael,G88 2nd,Medium impact,,4-Thu,2010-10-07 23:39:55,2012-01-12 02:15:59,461
3030,1-581815727,Accepted-In Progress,2012-01-12 14:42:28,2012-01-12,Jubin,G88 2nd,Major impact,,4-Thu,2011-10-06 01:35:45,2012-01-12 14:42:35,98
3031,1-581815727,Completed-Closed,2012-01-12 14:42:35,2012-01-12,Jubin,G88 2nd,Major impact,,4-Thu,2011-10-06 01:35:45,2012-01-12 14:42:35,98
4451,1-641023492,Accepted-In Progress,2012-01-13 17:04:43,2012-01-13,Rickard,S33 2nd,Medium impact,,5-Fri,2012-01-13 17:04:43,2012-01-26 22:51:59,13
4456,1-641083751,Accepted-In Progress,2012-01-13 18:10:14,2012-01-13,David,S30 2nd,Medium impact,,5-Fri,2012-01-13 18:10:14,2012-01-23 08:37:57,9
4457,1-641083751,Accepted-Assigned,2012-01-13 18:17:04,2012-01-13,David,S30 2nd,Medium impact,,5-Fri,2012-01-13 18:10:14,2012-01-23 08:37:57,9
4460,1-641083987,Accepted-In Progress,2012-01-13 18:43:55,2012-01-13,David,S30 2nd,Medium impact,,5-Fri,2012-01-13 18:43:55,2012-05-17 18:54:35,125
4461,1-641083987,Accepted-Assigned,2012-01-13 18:47:37,2012-01-13,David,S30 2nd,Medium impact,,5-Fri,2012-01-13 18:43:55,2012-05-17 18:54:35,125
4371,1-637713651,Completed-Closed,2012-01-13 21:32:34,2012-01-13,Håkan,S33 2nd,Low impact,,5-Fri,2012-01-10 19:27:07,2012-01-13 21:32:34,3
4487,1-641323677,Accepted-In Progress,2012-01-13 22:25:52,2012-01-13,Roland,S33 2nd,High impact,,5-Fri,2012-01-13 22:25:52,2012-01-17 17:19:24,3
4488,1-641323677,Accepted-Assigned,2012-01-13 22:27:12,2012-01-13,Roland,S33 2nd,High impact,,5-Fri,2012-01-13 22:25:52,2012-01-17 17:19:24,3
4489,1-641323677,Accepted-In Progress,2012-01-14 00:30:14,2012-01-14,Roland,S33 2nd,High impact,,6-Sat,2012-01-13 22:25:52,2012-01-17 17:19:24,3
2926,1-578579972,Completed-Closed,2012-01-16 19:22:21,2012-01-16,Håkan,S33 2nd,Low impact,,1-Mon,2011-09-28 17:32:35,2012-01-16 19:22:21,110
4498,1-642418588,Accepted-In Progress,2012-01-16 20:18:13,2012-01-16,Eric,S33 2nd,Medium impact,,1-Mon,2012-01-16 20:18:13,2012-03-20 20:43:44,64
600,1-376424233,Completed-Closed,2012-01-16 22:42:34,2012-01-16,Gustav,S30 2nd,High impact,,1-Mon,2010-05-28 18:41:08,2012-01-16 22:42:34,598
3825,1-619201265,Accepted-Assigned,2012-01-16 22:49:25,2012-01-16,Fredrik,S30 2nd,High impact,,1-Mon,2011-12-02 23:17:15,2012-01-17 18:16:30,45
597,1-375670011,Completed-Closed,2012-01-16 23:31:56,2012-01-16,Helene,S30 2nd,Medium impact,,1-Mon,2010-05-25 22:17:44,2012-01-16 23:31:56,601
871,1-390722958,Accepted-Assigned,2012-01-16 23:43:19,2012-01-16,Christer,S30 2nd,Low impact,,1-Mon,2010-08-11 18:39:44,2012-03-23 22:54:08,590
941,1-402212071,Completed-Closed,2012-01-16 23:49:15,2012-01-16,Helene,S30 2nd,Medium impact,,1-Mon,2010-09-16 18:24:07,2012-01-16 23:49:15,487
1183,1-423724447,Completed-Closed,2012-01-17 00:16:01,2012-01-17,Helene,S30 2nd,Medium impact,,2-Tue,2010-11-24 20:46:46,2012-01-17 00:16:01,418
4519,1-642846054,Accepted-In Progress,2012-01-17 01:03:47,2012-01-17,Ramith,G88 2nd,Medium impact,,2-Tue,2012-01-17 01:03:47,2012-05-23 21:53:24,127
4520,1-642846054,Accepted-In Progress,2012-01-17 01:14:34,2012-01-17,Ramith,G88 2nd,Medium impact,,2-Tue,2012-01-17 01:03:47,2012-05-23 21:53:24,127
278,1-358038911,Accepted-In Progress,2012-01-17 16:59:31,2012-01-17,Helene,S30 2nd,Medium impact,,2-Tue,2010-03-04 04:25:03,2012-01-17 16:59:59,684
279,1-358038911,Completed-Closed,2012-01-17 16:59:59,2012-01-17,Helene,S30 2nd,Medium impact,,2-Tue,2010-03-04 04:25:03,2012-01-17 16:59:59,684
4490,1-641323677,Completed-Closed,2012-01-17 17:19:24,2012-01-17,Roland,S33 2nd,High impact,,2-Tue,2012-01-13 22:25:52,2012-01-17 17:19:24,3
3826,1-619201265,Accepted-In Progress,2012-01-17 18:16:19,2012-01-17,Helene,S30 2nd,High impact,,2-Tue,2011-12-02 23:17:15,2012-01-17 18:16:30,45
3827,1-619201265,Completed-Closed,2012-01-17 18:16:30,2012-01-17,Helene,S30 2nd,High impact,,2-Tue,2011-12-02 23:17:15,2012-01-17 18:16:30,45
4526,1-643445547,Accepted-In Progress,2012-01-17 21:57:57,2012-01-17,Ramith,G88 2nd,Medium impact,,2-Tue,2012-01-17 21:57:57,2012-01-17 22:22:25,0
4534,1-643556695,Accepted-In Progress,2012-01-17 22:09:37,2012-01-17,Ramith,G88 2nd,Major impact,,2-Tue,2012-01-17 22:09:37,2012-02-23 18:11:36,36
4527,1-643445547,Completed-Closed,2012-01-17 22:22:25,2012-01-17,Ramith,G88 2nd,Medium impact,,2-Tue,2012-01-17 21:57:57,2012-01-17 22:22:25,0
4358,1-637580967,Completed-Closed,2012-01-18 14:47:11,2012-01-18,J,G88 2nd,Medium impact,,3-Wed,2012-01-10 18:32:32,2012-01-18 14:47:11,7
4568,1-647796802,Accepted-In Progress,2012-01-19 18:47:12,2012-01-19,David,S30 2nd,High impact,,4-Thu,2012-01-19 18:47:12,2012-01-23 08:31:32,3
4569,1-647796802,Accepted-Assigned,2012-01-19 19:22:55,2012-01-19,David,S30 2nd,High impact,,4-Thu,2012-01-19 18:47:12,2012-01-23 08:31:32,3
4570,1-647796802,Accepted-In Progress,2012-01-19 23:04:46,2012-01-19,Gustav,S30 2nd,High impact,,4-Thu,2012-01-19 18:47:12,2012-01-23 08:31:32,3
4571,1-647796802,Accepted-In Progress,2012-01-19 23:07:04,2012-01-19,David,S30 2nd,High impact,,4-Thu,2012-01-19 18:47:12,2012-01-23 08:31:32,3
2236,1-538411483,Accepted-Wait,2012-01-20 01:56:50,2012-01-20,Mikael,S33 2nd,Medium impact,,5-Fri,2011-07-02 01:48:55,2012-01-31 02:58:49,213
2237,1-538411483,Accepted-Wait,2012-01-20 01:57:43,2012-01-20,Mikael,S33 2nd,Medium impact,,5-Fri,2011-07-02 01:48:55,2012-01-31 02:58:49,213
918,1-397806545,Completed-Closed,2012-01-20 02:11:17,2012-01-20,Mikael,S33 2nd,High impact,,5-Fri,2010-09-02 17:57:26,2012-01-20 02:11:17,504
3561,1-611605221,Accepted-Wait,2012-01-20 02:12:53,2012-01-20,Mikael,S33 2nd,High impact,,5-Fri,2011-11-18 20:16:41,2012-01-26 03:27:07,68
4594,1-648839266,Accepted-In Progress,2012-01-21 02:38:08,2012-01-21,Mikael,S33 2nd,Medium impact,,6-Sat,2012-01-21 02:38:08,2012-01-31 02:57:38,10
4287,1-636102195,Queued-Awaiting Assignment,2012-01-21 12:17:23,2012-01-21,Robert,G88 2nd,Medium impact,,6-Sat,2012-01-07 01:05:47,2012-03-29 01:51:35,82
4572,1-647796802,Completed-Closed,2012-01-23 08:31:32,2012-01-23,David,S30 2nd,High impact,,1-Mon,2012-01-19 18:47:12,2012-01-23 08:31:32,3
4458,1-641083751,Accepted-In Progress,2012-01-23 08:36:47,2012-01-23,David,S30 2nd,Medium impact,,1-Mon,2012-01-13 18:10:14,2012-01-23 08:37:57,9
4459,1-641083751,Completed-Closed,2012-01-23 08:37:57,2012-01-23,David,S30 2nd,Medium impact,,1-Mon,2012-01-13 18:10:14,2012-01-23 08:37:57,9
4602,1-649887393,Accepted-In Progress,2012-01-23 18:18:48,2012-01-23,Per,S33 2nd,Medium impact,,1-Mon,2012-01-23 18:18:48,2012-03-28 19:23:22,65
1616,1-506108491,Completed-Closed,2012-01-23 20:15:22,2012-01-23,Håkan,S33 2nd,Medium impact,,1-Mon,2011-03-07 21:38:53,2012-01-23 20:15:22,321
4619,1-650123293,Accepted-In Progress,2012-01-23 22:22:40,2012-01-23,Roland,S33 2nd,Medium impact,,1-Mon,2012-01-23 22:22:40,2012-03-20 06:37:49,56
4620,1-650123293,Accepted-Assigned,2012-01-23 22:23:00,2012-01-23,Roland,S33 2nd,Medium impact,,1-Mon,2012-01-23 22:22:40,2012-03-20 06:37:49,56
1648,1-509892697,Completed-Closed,2012-01-24 02:30:27,2012-01-24,Mikael,S33 2nd,Low impact,,2-Tue,2011-03-24 01:42:24,2012-01-24 02:30:27,306
4621,1-650123293,Accepted-In Progress,2012-01-24 17:47:44,2012-01-24,Roland,S33 2nd,Medium impact,,2-Tue,2012-01-23 22:22:40,2012-03-20 06:37:49,56
2426,1-544876956,Completed-Closed,2012-01-24 18:17:58,2012-01-24,Arun,G88 2nd,Low impact,,2-Tue,2011-08-03 15:37:05,2012-01-24 18:17:58,174
737,1-381124870,Completed-Closed,2012-01-25 04:02:38,2012-01-25,Mikael,S33 2nd,High impact,,3-Wed,2010-06-18 16:42:27,2012-01-25 04:02:38,585
1588,1-502769178,Completed-Closed,2012-01-25 20:20:10,2012-01-25,Mikael,S33 2nd,Medium impact,,3-Wed,2011-02-24 02:45:04,2012-01-25 20:20:10,335
3562,1-611605221,Completed-Closed,2012-01-26 03:27:07,2012-01-26,Mikael,S33 2nd,High impact,,4-Thu,2011-11-18 20:16:41,2012-01-26 03:27:07,68
4675,1-652874271,Accepted-In Progress,2012-01-26 17:21:24,2012-01-26,Håkan,S33 2nd,Medium impact,,4-Thu,2012-01-26 17:21:24,2012-04-03 01:10:52,67
4677,1-652925445,Accepted-In Progress,2012-01-26 18:54:38,2012-01-26,Rickard,S33 2nd,Low impact,,4-Thu,2012-01-26 18:54:38,2012-04-30 22:21:26,95
1252,1-427955007,Completed-Closed,2012-01-26 19:47:59,2012-01-26,Roland,S33 2nd,Medium impact,,4-Thu,2010-12-07 23:24:36,2012-01-26 19:47:59,414
3190,1-590579544,Completed-Closed,2012-01-26 20:18:45,2012-01-26,Roland,S33 2nd,High impact,,4-Thu,2011-10-20 05:55:35,2012-01-26 20:18:45,98
1612,1-506092586,Completed-Closed,2012-01-26 20:25:15,2012-01-26,Per,S33 2nd,High impact,,4-Thu,2011-03-07 21:36:20,2012-01-26 20:25:15,324
1879,1-520127960,Completed-Closed,2012-01-26 20:31:40,2012-01-26,Per,S33 2nd,High impact,,4-Thu,2011-04-25 14:46:33,2012-01-26 20:31:40,276
2994,1-579636429,Completed-Closed,2012-01-26 20:38:12,2012-01-26,Roland,S33 2nd,Medium impact,,4-Thu,2011-10-01 05:11:41,2012-01-26 20:38:12,117
789,1-385201933,Completed-Closed,2012-01-26 20:39:55,2012-01-26,Per,S33 2nd,High impact,,4-Thu,2010-07-08 12:50:41,2012-01-26 20:39:55,567
968,1-404005175,Completed-Closed,2012-01-26 21:06:11,2012-01-26,Per,S33 2nd,Low impact,,4-Thu,2010-09-24 00:32:09,2012-01-26 21:06:11,489
4452,1-641023492,Completed-Closed,2012-01-26 22:51:59,2012-01-26,Rickard,S33 2nd,Medium impact,,4-Thu,2012-01-13 17:04:43,2012-01-26 22:51:59,13
3528,1-607840637,Completed-Closed,2012-01-27 22:46:02,2012-01-27,Rickard,S33 2nd,Low impact,,5-Fri,2011-11-15 23:15:57,2012-01-27 22:46:02,72
4375,1-637893062,Accepted-Assigned,2012-01-28 00:52:26,2012-01-28,Samira,S33 2nd,Medium impact,,6-Sat,2012-01-10 23:05:54,2012-03-13 01:22:39,62
4257,1-634447637,Accepted-In Progress,2012-01-30 14:05:16,2012-01-30,Sathish,G88 2nd,Low impact,,1-Mon,2012-01-04 19:39:31,2012-01-30 14:05:38,25
4258,1-634447637,Completed-Closed,2012-01-30 14:05:38,2012-01-30,Sathish,G88 2nd,Low impact,,1-Mon,2012-01-04 19:39:31,2012-01-30 14:05:38,25
1659,1-510142147,Accepted-Assigned,2012-01-30 22:39:42,2012-01-30,David,S30 2nd,High impact,,1-Mon,2011-03-24 23:03:32,2012-01-31 18:45:09,312
1266,1-429498598,Accepted-Assigned,2012-01-30 22:41:27,2012-01-30,Marco,S30 2nd,Medium impact,,1-Mon,2010-12-13 17:41:40,2012-02-01 19:47:23,415
2796,1-574222268,Accepted-Assigned,2012-01-30 22:41:47,2012-01-30,David,S30 2nd,Medium impact,,1-Mon,2011-09-15 00:33:52,2012-01-31 06:46:22,138
2797,1-574222268,Accepted-Assigned,2012-01-30 22:41:48,2012-01-30,David,S30 2nd,Medium impact,,1-Mon,2011-09-15 00:33:52,2012-01-31 06:46:22,138
3353,1-600432558,Completed-Closed,2012-01-30 22:43:57,2012-01-30,Gustav,S30 2nd,High impact,,1-Mon,2011-11-02 18:00:44,2012-01-30 22:43:57,89
4742,1-655536176,Accepted-In Progress,2012-01-31 00:52:24,2012-01-31,Mats,G88 2nd,Medium impact,,2-Tue,2012-01-31 00:52:24,2012-02-23 02:53:37,23
4595,1-648839266,Completed-Closed,2012-01-31 02:57:38,2012-01-31,Mikael,S33 2nd,Medium impact,,2-Tue,2012-01-21 02:38:08,2012-01-31 02:57:38,10
2238,1-538411483,Completed-Closed,2012-01-31 02:58:49,2012-01-31,Mikael,S33 2nd,Medium impact,,2-Tue,2011-07-02 01:48:55,2012-01-31 02:58:49,213
4292,1-636501102,Completed-Closed,2012-01-31 03:01:01,2012-01-31,Mikael,S33 2nd,High impact,,2-Tue,2012-01-07 20:40:01,2012-01-31 03:01:01,23
2798,1-574222268,Accepted-Assigned,2012-01-31 06:44:05,2012-01-31,Gustav,S30 2nd,Medium impact,,2-Tue,2011-09-15 00:33:52,2012-01-31 06:46:22,138
2799,1-574222268,Accepted-Assigned,2012-01-31 06:44:11,2012-01-31,David,S30 2nd,Medium impact,,2-Tue,2011-09-15 00:33:52,2012-01-31 06:46:22,138
2800,1-574222268,Accepted-Assigned,2012-01-31 06:46:09,2012-01-31,Gustav,S30 2nd,Medium impact,,2-Tue,2011-09-15 00:33:52,2012-01-31 06:46:22,138
2801,1-574222268,Accepted-In Progress,2012-01-31 06:46:13,2012-01-31,David,S30 2nd,Medium impact,,2-Tue,2011-09-15 00:33:52,2012-01-31 06:46:22,138
2802,1-574222268,Completed-Closed,2012-01-31 06:46:22,2012-01-31,David,S30 2nd,Medium impact,,2-Tue,2011-09-15 00:33:52,2012-01-31 06:46:22,138
1660,1-510142147,Accepted-Assigned,2012-01-31 18:44:48,2012-01-31,Gustav,S30 2nd,High impact,,2-Tue,2011-03-24 23:03:32,2012-01-31 18:45:09,312
1661,1-510142147,Accepted-In Progress,2012-01-31 18:45:06,2012-01-31,David,S30 2nd,High impact,,2-Tue,2011-03-24 23:03:32,2012-01-31 18:45:09,312
1662,1-510142147,Completed-Closed,2012-01-31 18:45:09,2012-01-31,David,S30 2nd,High impact,,2-Tue,2011-03-24 23:03:32,2012-01-31 18:45:09,312
4761,1-656510751,Accepted-In Progress,2012-02-01 03:42:52,2012-02-01,Per,S33 2nd,Medium impact,,3-Wed,2012-02-01 03:42:52,2012-02-05 21:37:58,4
4765,1-656868426,Accepted-In Progress,2012-02-01 16:33:06,2012-02-01,Marco,S30 2nd,Medium impact,,3-Wed,2012-02-01 16:33:06,2012-02-22 17:36:51,21
4766,1-656868426,Accepted-Assigned,2012-02-01 16:34:10,2012-02-01,Marco,S30 2nd,Medium impact,,3-Wed,2012-02-01 16:33:06,2012-02-22 17:36:51,21
4767,1-656868426,Accepted-Wait,2012-02-01 17:36:55,2012-02-01,Marco,S30 2nd,Medium impact,,3-Wed,2012-02-01 16:33:06,2012-02-22 17:36:51,21
1267,1-429498598,Accepted-Wait,2012-02-01 17:57:23,2012-02-01,Marco,S30 2nd,Medium impact,,3-Wed,2010-12-13 17:41:40,2012-02-01 19:47:23,415
1268,1-429498598,Completed-Closed,2012-02-01 19:47:23,2012-02-01,Marco,S30 2nd,Medium impact,,3-Wed,2010-12-13 17:41:40,2012-02-01 19:47:23,415
2232,1-538297321,Accepted-Assigned,2012-02-01 21:32:51,2012-02-01,Lars,S33 2nd,Low impact,,3-Wed,2011-07-01 20:28:18,2012-02-16 21:00:18,230
1627,1-507679771,Completed-Closed,2012-02-02 01:12:52,2012-02-02,Katarina,S33 2nd,Medium impact,,4-Thu,2011-03-15 00:04:30,2012-02-02 01:12:52,324
1994,1-525589021,Completed-Closed,2012-02-02 01:40:02,2012-02-02,Katarina,S33 2nd,Medium impact,,4-Thu,2011-05-14 01:23:13,2012-02-02 01:40:02,264
1996,1-526037041,Completed-Closed,2012-02-02 01:50:06,2012-02-02,Katarina,S33 2nd,Medium impact,,4-Thu,2011-05-16 23:09:56,2012-02-02 01:50:06,261
4791,1-657534681,Accepted-In Progress,2012-02-02 14:27:18,2012-02-02,Takashi,S30 2nd,Low impact,,4-Thu,2012-02-02 14:27:18,2012-02-02 14:32:27,0
4792,1-657534681,Completed-Closed,2012-02-02 14:32:27,2012-02-02,Takashi,S30 2nd,Low impact,,4-Thu,2012-02-02 14:27:18,2012-02-02 14:32:27,0
4793,1-657768145,Accepted-In Progress,2012-02-02 19:49:59,2012-02-02,Marco,S30 2nd,Medium impact,,4-Thu,2012-02-02 19:49:59,2012-02-15 23:30:50,13
4794,1-657768145,Accepted-Assigned,2012-02-02 20:09:49,2012-02-02,Marco,S30 2nd,Medium impact,,4-Thu,2012-02-02 19:49:59,2012-02-15 23:30:50,13
4806,1-658092528,Accepted-In Progress,2012-02-03 01:49:22,2012-02-03,Jay,G88 2nd,Major impact,,5-Fri,2012-02-03 01:49:22,2012-02-03 01:50:53,0
4807,1-658092528,Completed-Closed,2012-02-03 01:50:53,2012-02-03,Jay,G88 2nd,Major impact,,5-Fri,2012-02-03 01:49:22,2012-02-03 01:50:53,0
4808,1-658125909,Accepted-In Progress,2012-02-03 02:16:19,2012-02-03,Joshua,G88 2nd,Medium impact,,5-Fri,2012-02-03 02:16:19,2012-02-14 01:18:46,10
4762,1-656510751,Completed-Closed,2012-02-05 21:36:35,2012-02-05,Per,S33 2nd,Medium impact,,7-Sun,2012-02-01 03:42:52,2012-02-05 21:37:58,4
4763,1-656510751,Accepted-In Progress,2012-02-05 21:37:39,2012-02-05,Per,S33 2nd,Medium impact,,7-Sun,2012-02-01 03:42:52,2012-02-05 21:37:58,4
4764,1-656510751,Completed-Closed,2012-02-05 21:37:58,2012-02-05,Per,S33 2nd,Medium impact,,7-Sun,2012-02-01 03:42:52,2012-02-05 21:37:58,4
4827,1-659137375,Accepted-In Progress,2012-02-06 16:53:05,2012-02-06,Irfan,G88 2nd,Medium impact,,1-Mon,2012-02-06 16:53:05,2012-03-29 16:30:58,51
4828,1-659137375,Accepted-Wait,2012-02-06 18:47:54,2012-02-06,Irfan,G88 2nd,Medium impact,,1-Mon,2012-02-06 16:53:05,2012-03-29 16:30:58,51
4841,1-659376592,Accepted-In Progress,2012-02-06 21:40:31,2012-02-06,Roland,S33 2nd,High impact,,1-Mon,2012-02-06 21:40:31,2012-02-09 22:29:59,3
1162,1-422418092,Accepted-In Progress,2012-02-06 21:47:02,2012-02-06,Gustav,S30 2nd,Medium impact,,1-Mon,2010-11-20 03:20:40,2012-03-07 00:07:20,472
1163,1-422418092,Accepted-Assigned,2012-02-06 21:47:29,2012-02-06,David,S30 2nd,Medium impact,,1-Mon,2010-11-20 03:20:40,2012-03-07 00:07:20,472
1164,1-422418092,Accepted-In Progress,2012-02-06 21:47:52,2012-02-06,Gustav,S30 2nd,Medium impact,,1-Mon,2010-11-20 03:20:40,2012-03-07 00:07:20,472
1165,1-422418092,Accepted-Assigned,2012-02-06 21:48:30,2012-02-06,David,S30 2nd,Medium impact,,1-Mon,2010-11-20 03:20:40,2012-03-07 00:07:20,472
4845,1-659618631,Accepted-In Progress,2012-02-07 00:35:43,2012-02-07,Bharath,S33 2nd,Medium impact,,2-Tue,2012-02-07 00:35:43,2012-02-20 19:48:15,13
4855,1-659782951,Accepted-In Progress,2012-02-07 08:10:51,2012-02-07,Joshua,G88 2nd,Medium impact,,2-Tue,2012-02-07 08:10:51,2012-02-18 02:26:13,10
4118,1-626292231,Accepted-Wait,2012-02-08 04:48:51,2012-02-08,Vaibhav,G88 2nd,Medium impact,,3-Wed,2011-12-20 10:48:36,2012-05-28 20:06:04,160
3662,1-617356985,Accepted-In Progress,2012-02-08 11:42:36,2012-02-08,Robert,G88 2nd,Medium impact,,3-Wed,2011-11-28 18:22:46,2012-03-13 20:44:47,106
3663,1-617356985,Accepted-Wait,2012-02-08 12:04:57,2012-02-08,Robert,G88 2nd,Medium impact,,3-Wed,2011-11-28 18:22:46,2012-03-13 20:44:47,106
189,1-345255471,Accepted-In Progress,2012-02-08 17:11:21,2012-02-08,Mats,G88 2nd,Medium impact,,3-Wed,2010-01-15 00:02:21,2012-02-08 17:14:29,754
190,1-345255471,Completed-Closed,2012-02-08 17:14:29,2012-02-08,Mats,G88 2nd,Medium impact,,3-Wed,2010-01-15 00:02:21,2012-02-08 17:14:29,754
3883,1-620015297,Completed-Closed,2012-02-08 23:12:13,2012-02-08,Rickard,S33 2nd,Medium impact,,3-Wed,2011-12-06 16:51:12,2012-02-08 23:12:13,64
4082,1-624745314,Completed-Closed,2012-02-08 23:15:41,2012-02-08,Rickard,S33 2nd,High impact,,3-Wed,2011-12-16 18:51:26,2012-02-08 23:15:41,54
4928,1-660949435,Accepted-In Progress,2012-02-09 02:07:29,2012-02-09,Roland,S33 2nd,Low impact,,4-Thu,2012-02-09 02:07:29,2012-03-13 20:35:07,33
3583,1-613033122,Completed-Closed,2012-02-09 06:42:42,2012-02-09,Roland,S33 2nd,Medium impact,,4-Thu,2011-11-21 18:34:45,2012-02-09 06:42:42,79
3659,1-617084616,Completed-Closed,2012-02-09 06:55:10,2012-02-09,Roland,S33 2nd,Medium impact,,4-Thu,2011-11-26 01:02:27,2012-02-09 06:55:10,75
1740,1-515461174,Accepted-Wait,2012-02-09 07:09:00,2012-02-09,Roland,S33 2nd,Low impact,,4-Thu,2011-04-11 23:56:28,2012-03-26 17:27:45,349
2023,1-527208576,Completed-Closed,2012-02-09 07:43:06,2012-02-09,Roland,S33 2nd,Low impact,,4-Thu,2011-05-20 07:28:42,2012-02-09 07:43:06,265
4946,1-661231558,Accepted-In Progress,2012-02-09 18:52:23,2012-02-09,Hineesh,G88 2nd,Major impact,,4-Thu,2012-02-09 18:52:23,2012-03-06 00:52:49,25
4842,1-659376592,Completed-Closed,2012-02-09 22:29:59,2012-02-09,Roland,S33 2nd,High impact,,4-Thu,2012-02-06 21:40:31,2012-02-09 22:29:59,3
4972,1-664001411,Accepted-In Progress,2012-02-10 02:24:55,2012-02-10,Bhavesh,G88 2nd,High impact,,5-Fri,2012-02-10 02:24:55,2012-03-13 17:36:51,32
4974,1-664579051,Accepted-In Progress,2012-02-10 17:52:07,2012-02-10,Katarina,S33 2nd,Medium impact,,5-Fri,2012-02-10 17:52:07,2012-02-29 23:32:49,19
4976,1-664730121,Accepted-In Progress,2012-02-10 18:47:38,2012-02-10,Aditi,G271 2nd,Medium impact,,5-Fri,2012-02-10 18:47:38,2012-02-17 23:38:15,7
4977,1-664730121,Accepted-Wait,2012-02-10 19:03:08,2012-02-10,Aditi,G271 2nd,Medium impact,,5-Fri,2012-02-10 18:47:38,2012-02-17 23:38:15,7
4981,1-669119156,Accepted-In Progress,2012-02-12 05:41:24,2012-02-12,Prashant,G88 2nd,Major impact,,7-Sun,2012-02-12 05:41:24,2012-03-06 01:29:45,22
4982,1-669119156,Accepted-Wait,2012-02-12 06:37:34,2012-02-12,Prashant,G88 2nd,Major impact,,7-Sun,2012-02-12 05:41:24,2012-03-06 01:29:45,22
4983,1-669119156,Accepted-In Progress,2012-02-13 04:52:59,2012-02-13,Prashant,G88 2nd,Major impact,,1-Mon,2012-02-12 05:41:24,2012-03-06 01:29:45,22
4984,1-669119156,Accepted-Wait,2012-02-13 04:53:04,2012-02-13,Prashant,G88 2nd,Major impact,,1-Mon,2012-02-12 05:41:24,2012-03-06 01:29:45,22
4992,1-669202942,Accepted-In Progress,2012-02-13 06:01:32,2012-02-13,Per,S33 2nd,Medium impact,,1-Mon,2012-02-13 06:01:32,2012-03-28 07:15:40,44
5012,1-671512033,Accepted-In Progress,2012-02-13 21:10:55,2012-02-13,Satish,G271 2nd,Medium impact,,1-Mon,2012-02-13 21:10:55,2012-02-14 18:31:28,0
4809,1-658125909,Completed-Closed,2012-02-14 01:18:46,2012-02-14,Joshua,G88 2nd,Medium impact,,2-Tue,2012-02-03 02:16:19,2012-02-14 01:18:46,10
5049,1-673056371,Accepted-In Progress,2012-02-14 18:06:50,2012-02-14,Torbjörn,S33 2nd,Medium impact,,2-Tue,2012-02-14 18:06:50,2012-04-20 04:09:38,65
5013,1-671512033,Completed-Closed,2012-02-14 18:31:28,2012-02-14,Satish,G271 2nd,Medium impact,,2-Tue,2012-02-13 21:10:55,2012-02-14 18:31:28,0
1498,1-489198755,Completed-Closed,2012-02-15 01:45:26,2012-02-15,Katarina,S33 2nd,Medium impact,,3-Wed,2011-02-09 01:10:53,2012-02-15 01:45:26,371
5075,1-673434441,Accepted-In Progress,2012-02-15 02:19:57,2012-02-15,Mikael,S33 2nd,Medium impact,,3-Wed,2012-02-15 02:19:57,2012-03-21 02:33:11,35
1220,1-424243405,Completed-Closed,2012-02-15 06:05:03,2012-02-15,Eric,S33 2nd,Medium impact,,3-Wed,2010-11-25 20:34:35,2012-02-15 06:05:03,446
4795,1-657768145,Completed-Closed,2012-02-15 23:30:50,2012-02-15,Marco,S30 2nd,Medium impact,,3-Wed,2012-02-02 19:49:59,2012-02-15 23:30:50,13
5114,1-675797761,Accepted-In Progress,2012-02-16 00:44:16,2012-02-16,Prashant,G88 2nd,High impact,,4-Thu,2012-02-16 00:44:16,2012-03-13 20:40:54,26
5100,1-675685459,Accepted-In Progress,2012-02-16 00:57:25,2012-02-16,Prashant,G88 2nd,High impact,,4-Thu,2012-02-16 00:57:25,2012-03-13 04:20:52,26
5101,1-675685459,Accepted-Wait,2012-02-16 01:00:08,2012-02-16,Prashant,G88 2nd,High impact,,4-Thu,2012-02-16 00:57:25,2012-03-13 04:20:52,26
3075,1-584776062,Completed-Closed,2012-02-16 02:20:49,2012-02-16,Samira,S33 2nd,High impact,,4-Thu,2011-10-11 23:38:52,2012-02-16 02:20:49,127
2247,1-539083171,Accepted-Assigned,2012-02-16 02:33:28,2012-02-16,Katarina,S33 2nd,Medium impact,,4-Thu,2011-07-05 22:33:46,2012-05-24 02:00:04,323
5152,1-678626550,Accepted-Assigned,2012-02-16 20:22:52,2012-02-16,Samira,S33 2nd,Medium impact,,4-Thu,2012-02-16 20:22:52,2012-05-02 20:03:30,75
2233,1-538297321,Accepted-In Progress,2012-02-16 20:59:49,2012-02-16,Lars,S33 2nd,Low impact,,4-Thu,2011-07-01 20:28:18,2012-02-16 21:00:18,230
2234,1-538297321,Completed-Closed,2012-02-16 21:00:18,2012-02-16,Lars,S33 2nd,Low impact,,4-Thu,2011-07-01 20:28:18,2012-02-16 21:00:18,230
5168,1-681864502,Accepted-In Progress,2012-02-17 18:57:37,2012-02-17,Samira,S33 2nd,Low impact,,5-Fri,2012-02-17 18:57:37,2012-05-29 17:45:23,101
5169,1-681864502,Accepted-Assigned,2012-02-17 19:01:05,2012-02-17,Samira,S33 2nd,Low impact,,5-Fri,2012-02-17 18:57:37,2012-05-29 17:45:23,101
5115,1-675797761,Accepted-Wait,2012-02-17 21:15:31,2012-02-17,Prashant,G88 2nd,High impact,,5-Fri,2012-02-16 00:44:16,2012-03-13 20:40:54,26
4978,1-664730121,Completed-Closed,2012-02-17 23:38:15,2012-02-17,Aditi,G271 2nd,Medium impact,,5-Fri,2012-02-10 18:47:38,2012-02-17 23:38:15,7
4856,1-659782951,Completed-Closed,2012-02-18 02:26:13,2012-02-18,Joshua,G88 2nd,Medium impact,,6-Sat,2012-02-07 08:10:51,2012-02-18 02:26:13,10
5219,1-682409211,Accepted-In Progress,2012-02-19 03:22:04,2012-02-19,Kamal,G271 2nd,Low impact,,7-Sun,2012-02-19 03:22:04,2012-03-21 09:13:04,31
5220,1-682409211,Accepted-Wait,2012-02-19 03:25:53,2012-02-19,Kamal,G271 2nd,Low impact,,7-Sun,2012-02-19 03:22:04,2012-03-21 09:13:04,31
4985,1-669119156,Queued-Awaiting Assignment,2012-02-19 03:44:35,2012-02-19,Robert,G88 2nd,Major impact,,7-Sun,2012-02-12 05:41:24,2012-03-06 01:29:45,22
5222,1-682409241,Accepted-In Progress,2012-02-19 03:50:31,2012-02-19,Kamal,G271 2nd,Low impact,,7-Sun,2012-02-19 03:50:31,2012-04-16 18:50:57,57
5223,1-682409241,Accepted-Wait,2012-02-19 03:50:52,2012-02-19,Kamal,G271 2nd,Low impact,,7-Sun,2012-02-19 03:50:31,2012-04-16 18:50:57,57
3299,1-597231167,Accepted-In Progress,2012-02-20 13:27:14,2012-02-20,Ramith,G88 2nd,Medium impact,,1-Mon,2011-10-28 22:17:58,2012-03-09 22:07:07,132
4846,1-659618631,Completed-Closed,2012-02-20 19:48:15,2012-02-20,Bharath,S33 2nd,Medium impact,,1-Mon,2012-02-07 00:35:43,2012-02-20 19:48:15,13
5236,1-684108661,Accepted-In Progress,2012-02-21 01:55:54,2012-02-21,Bharath,S33 2nd,Low impact,,2-Tue,2012-02-21 01:55:54,2012-03-02 01:02:45,9
4212,1-629629428,Accepted-Assigned,2012-02-21 17:04:40,2012-02-21,Christian,G88 2nd,Medium impact,,2-Tue,2011-12-27 18:05:25,2012-05-24 23:41:49,149
357,1-365189372,Accepted-In Progress,2012-02-21 23:58:28,2012-02-21,Gustav,S30 2nd,Low impact,,2-Tue,2010-04-06 23:35:51,2012-02-22 00:00:21,686
358,1-365189372,Completed-Closed,2012-02-22 00:00:21,2012-02-22,Gustav,S30 2nd,Low impact,,3-Wed,2010-04-06 23:35:51,2012-02-22 00:00:21,686
2019,1-526647987,Accepted-In Progress,2012-02-22 00:20:44,2012-02-22,Gustav,S30 2nd,High impact,,3-Wed,2011-05-18 17:46:34,2012-02-22 00:20:52,279
2020,1-526647987,Completed-Closed,2012-02-22 00:20:52,2012-02-22,Gustav,S30 2nd,High impact,,3-Wed,2011-05-18 17:46:34,2012-02-22 00:20:52,279
937,1-400528782,Accepted-In Progress,2012-02-22 00:22:07,2012-02-22,Gustav,S30 2nd,Medium impact,,3-Wed,2010-09-10 00:58:05,2012-02-22 00:22:08,529
938,1-400528782,Completed-Closed,2012-02-22 00:22:08,2012-02-22,Gustav,S30 2nd,Medium impact,,3-Wed,2010-09-10 00:58:05,2012-02-22 00:22:08,529
1137,1-418890453,Accepted-In Progress,2012-02-22 00:25:02,2012-02-22,Gustav,S30 2nd,Medium impact,,3-Wed,2010-11-10 19:48:43,2012-02-22 00:25:20,468
1138,1-418890453,Completed-Closed,2012-02-22 00:25:20,2012-02-22,Gustav,S30 2nd,Medium impact,,3-Wed,2010-11-10 19:48:43,2012-02-22 00:25:20,468
1508,1-495101458,Accepted-In Progress,2012-02-22 00:29:33,2012-02-22,Gustav,S30 2nd,Medium impact,,3-Wed,2011-02-11 00:22:20,2012-02-22 00:29:35,376
1509,1-495101458,Completed-Closed,2012-02-22 00:29:35,2012-02-22,Gustav,S30 2nd,Medium impact,,3-Wed,2011-02-11 00:22:20,2012-02-22 00:29:35,376
1778,1-516860557,Accepted-In Progress,2012-02-22 00:31:53,2012-02-22,Gustav,S30 2nd,Medium impact,,3-Wed,2011-04-14 21:59:47,2012-02-22 00:31:54,313
1779,1-516860557,Completed-Closed,2012-02-22 00:31:54,2012-02-22,Gustav,S30 2nd,Medium impact,,3-Wed,2011-04-14 21:59:47,2012-02-22 00:31:54,313
2004,1-526369142,Accepted-In Progress,2012-02-22 00:34:34,2012-02-22,Gustav,S30 2nd,Low impact,,3-Wed,2011-05-17 22:37:22,2012-02-22 00:34:36,280
2005,1-526369142,Completed-Closed,2012-02-22 00:34:36,2012-02-22,Gustav,S30 2nd,Low impact,,3-Wed,2011-05-17 22:37:22,2012-02-22 00:34:36,280
2565,1-560703011,Accepted-In Progress,2012-02-22 00:42:40,2012-02-22,Gustav,S30 2nd,Low impact,,3-Wed,2011-08-23 22:30:43,2012-02-22 00:42:50,182
2566,1-560703011,Completed-Closed,2012-02-22 00:42:50,2012-02-22,Gustav,S30 2nd,Low impact,,3-Wed,2011-08-23 22:30:43,2012-02-22 00:42:50,182
2739,1-573280988,Completed-Closed,2012-02-22 00:44:10,2012-02-22,Gustav,S30 2nd,Low impact,,3-Wed,2011-09-13 00:27:08,2012-02-22 00:44:10,162
3050,1-582401721,Accepted-In Progress,2012-02-22 00:57:25,2012-02-22,Gustav,S30 2nd,Medium impact,,3-Wed,2011-10-06 23:15:59,2012-02-22 00:57:29,138
3051,1-582401721,Completed-Closed,2012-02-22 00:57:29,2012-02-22,Gustav,S30 2nd,Medium impact,,3-Wed,2011-10-06 23:15:59,2012-02-22 00:57:29,138
4768,1-656868426,Completed-Closed,2012-02-22 17:36:51,2012-02-22,Marco,S30 2nd,Medium impact,,3-Wed,2012-02-01 16:33:06,2012-02-22 17:36:51,21
5274,1-686557724,Accepted-In Progress,2012-02-22 20:44:10,2012-02-22,David,S30 2nd,High impact,,3-Wed,2012-02-22 20:44:10,2012-05-17 18:40:23,84
5275,1-686557724,Accepted-Assigned,2012-02-22 20:58:47,2012-02-22,David,S30 2nd,High impact,,3-Wed,2012-02-22 20:44:10,2012-05-17 18:40:23,84
5272,1-686535660,Accepted-Wait,2012-02-22 21:30:34,2012-02-22,Aditi,G271 2nd,Medium impact,,3-Wed,2012-02-22 21:30:34,2012-03-06 16:52:37,12
4743,1-655536176,Completed-Closed,2012-02-23 02:53:37,2012-02-23,Mats,G88 2nd,Medium impact,,4-Thu,2012-01-31 00:52:24,2012-02-23 02:53:37,23
4535,1-643556695,Completed-Closed,2012-02-23 18:11:36,2012-02-23,Ramith,G88 2nd,Major impact,,4-Thu,2012-01-17 22:09:37,2012-02-23 18:11:36,36
5296,1-686854421,Accepted-In Progress,2012-02-23 18:32:06,2012-02-23,Torbjörn,S33 2nd,Medium impact,,4-Thu,2012-02-23 18:32:06,2012-02-24 23:50:02,1
5297,1-686854421,Completed-Closed,2012-02-24 23:50:02,2012-02-24,Torbjörn,S33 2nd,Medium impact,,5-Fri,2012-02-23 18:32:06,2012-02-24 23:50:02,1
5332,1-687668119,Accepted-In Progress,2012-02-25 05:40:56,2012-02-25,Robert,G88 2nd,High impact,,6-Sat,2012-02-25 05:40:56,2012-03-14 23:31:01,18
5333,1-687668119,Queued-Awaiting Assignment,2012-02-25 05:43:27,2012-02-25,Robert,G88 2nd,High impact,,6-Sat,2012-02-25 05:40:56,2012-03-14 23:31:01,18
5360,1-688491391,Accepted-In Progress,2012-02-27 19:54:31,2012-02-27,Torbjörn,S33 2nd,Medium impact,,1-Mon,2012-02-27 19:54:31,2012-03-01 19:26:48,2
5365,1-688515611,Accepted-In Progress,2012-02-27 20:08:27,2012-02-27,David,S30 2nd,High impact,,1-Mon,2012-02-27 20:08:27,2012-05-17 18:31:52,79
5102,1-675685459,Completed-Closed,2012-02-27 21:44:46,2012-02-27,Prashant,G88 2nd,High impact,,1-Mon,2012-02-16 00:57:25,2012-03-13 04:20:52,26
3247,1-594666837,Completed-Closed,2012-02-29 01:00:13,2012-02-29,Jörgen,G88 2nd,Medium impact,,3-Wed,2011-10-25 23:23:06,2012-02-29 01:00:13,126
5408,1-689525975,Accepted-In Progress,2012-02-29 01:30:43,2012-02-29,Roland,S33 2nd,Medium impact,,3-Wed,2012-02-29 01:30:43,2012-03-30 18:00:24,30
5334,1-687668119,Accepted-In Progress,2012-02-29 01:33:44,2012-02-29,Robert,G88 2nd,High impact,,3-Wed,2012-02-25 05:40:56,2012-03-14 23:31:01,18
5335,1-687668119,Accepted-Assigned,2012-02-29 01:34:51,2012-02-29,Sean,G88 2nd,High impact,,3-Wed,2012-02-25 05:40:56,2012-03-14 23:31:01,18
4986,1-669119156,Accepted-In Progress,2012-02-29 01:36:29,2012-02-29,Robert,G88 2nd,Major impact,,3-Wed,2012-02-12 05:41:24,2012-03-06 01:29:45,22
4987,1-669119156,Accepted-Assigned,2012-02-29 01:37:04,2012-02-29,Ramith,G88 2nd,Major impact,,3-Wed,2012-02-12 05:41:24,2012-03-06 01:29:45,22
4988,1-669119156,Accepted-Assigned,2012-02-29 02:08:07,2012-02-29,Hineesh,G88 2nd,Major impact,,3-Wed,2012-02-12 05:41:24,2012-03-06 01:29:45,22
5409,1-689525975,Accepted-Wait,2012-02-29 03:05:04,2012-02-29,Roland,S33 2nd,Medium impact,,3-Wed,2012-02-29 01:30:43,2012-03-30 18:00:24,30
5116,1-675797761,Completed-Closed,2012-02-29 19:05:59,2012-02-29,Prashant,G88 2nd,High impact,,3-Wed,2012-02-16 00:44:16,2012-03-13 20:40:54,26
4288,1-636102195,Accepted-Assigned,2012-02-29 22:04:23,2012-02-29,Hineesh,G88 2nd,Medium impact,,3-Wed,2012-01-07 01:05:47,2012-03-29 01:51:35,82
1495,1-479002951,Completed-Closed,2012-02-29 23:27:21,2012-02-29,Per,S33 2nd,High impact,,3-Wed,2011-02-04 23:21:41,2012-02-29 23:27:21,390
4975,1-664579051,Completed-Closed,2012-02-29 23:32:49,2012-02-29,Katarina,S33 2nd,Medium impact,,3-Wed,2012-02-10 17:52:07,2012-02-29 23:32:49,19
1299,1-430880486,Completed-Closed,2012-02-29 23:38:04,2012-02-29,Katarina,S33 2nd,Medium impact,,3-Wed,2010-12-16 20:55:48,2012-02-29 23:38:04,440
1388,1-439833168,Completed-Closed,2012-03-01 00:27:57,2012-03-01,Per,S33 2nd,Low impact,,4-Thu,2011-01-14 22:10:28,2012-03-01 00:27:57,411
971,1-404084309,Accepted-Wait,2012-03-01 00:32:37,2012-03-01,Per,S33 2nd,Low impact,,4-Thu,2010-09-24 03:58:12,2012-03-01 00:32:38,523
972,1-404084309,Completed-Closed,2012-03-01 00:32:38,2012-03-01,Per,S33 2nd,Low impact,,4-Thu,2010-09-24 03:58:12,2012-03-01 00:32:38,523
5361,1-688491391,Completed-Closed,2012-03-01 19:26:48,2012-03-01,Torbjörn,S33 2nd,Medium impact,,4-Thu,2012-02-27 19:54:31,2012-03-01 19:26:48,2
5443,1-690926911,Accepted-In Progress,2012-03-01 22:44:24,2012-03-01,Torbjörn,S33 2nd,Medium impact,,4-Thu,2012-03-01 22:44:24,2012-04-20 04:12:12,49
5237,1-684108661,Completed-Closed,2012-03-02 01:02:45,2012-03-02,Bharath,S33 2nd,Low impact,,5-Fri,2012-02-21 01:55:54,2012-03-02 01:02:45,9
5449,1-691031201,Accepted-In Progress,2012-03-02 01:18:31,2012-03-02,Bharath,S33 2nd,High impact,,5-Fri,2012-03-02 01:18:31,2012-03-02 01:18:58,0
5450,1-691031201,Completed-Closed,2012-03-02 01:18:58,2012-03-02,Bharath,S33 2nd,High impact,,5-Fri,2012-03-02 01:18:31,2012-03-02 01:18:58,0
5476,1-691786096,Accepted-In Progress,2012-03-02 17:32:14,2012-03-02,Robert,G88 2nd,High impact,,5-Fri,2012-03-02 17:32:14,2012-03-29 23:18:58,27
5477,1-691786096,Queued-Awaiting Assignment,2012-03-02 17:32:44,2012-03-02,Robert,G88 2nd,High impact,,5-Fri,2012-03-02 17:32:14,2012-03-29 23:18:58,27
5502,1-692715494,Accepted-In Progress,2012-03-05 15:23:01,2012-03-05,Vaibhav,G88 2nd,Low impact,,1-Mon,2012-03-05 15:23:01,2012-05-28 19:57:12,84
4947,1-661231558,Completed-Closed,2012-03-06 00:52:49,2012-03-06,Hineesh,G88 2nd,Major impact,,2-Tue,2012-02-09 18:52:23,2012-03-06 00:52:49,25
5512,1-693357728,Accepted-In Progress,2012-03-06 01:28:53,2012-03-06,Jörgen,G88 2nd,High impact,,2-Tue,2012-03-06 01:28:53,2012-03-29 23:12:42,23
4989,1-669119156,Completed-Closed,2012-03-06 01:29:45,2012-03-06,Hineesh,G88 2nd,Major impact,,2-Tue,2012-02-12 05:41:24,2012-03-06 01:29:45,22
4289,1-636102195,Accepted-Wait,2012-03-06 01:30:53,2012-03-06,Hineesh,G88 2nd,Medium impact,,2-Tue,2012-01-07 01:05:47,2012-03-29 01:51:35,82
5273,1-686535660,Completed-Closed,2012-03-06 16:52:37,2012-03-06,Aditi,G271 2nd,Medium impact,,2-Tue,2012-02-22 21:30:34,2012-03-06 16:52:37,12
5553,1-693895885,Accepted-In Progress,2012-03-06 23:08:23,2012-03-06,David,S30 2nd,High impact,,2-Tue,2012-03-06 23:08:23,2012-04-18 05:30:21,42
1166,1-422418092,Accepted-In Progress,2012-03-07 00:07:15,2012-03-07,Gustav,S30 2nd,Medium impact,,3-Wed,2010-11-20 03:20:40,2012-03-07 00:07:20,472
1167,1-422418092,Completed-Closed,2012-03-07 00:07:20,2012-03-07,Gustav,S30 2nd,Medium impact,,3-Wed,2010-11-20 03:20:40,2012-03-07 00:07:20,472
5559,1-694212171,Accepted-In Progress,2012-03-07 17:05:20,2012-03-07,Torbjörn,S33 2nd,Medium impact,,3-Wed,2012-03-07 17:05:20,2012-04-12 17:17:37,36
5103,1-675685459,Accepted-In Progress,2012-03-07 17:20:08,2012-03-07,Prashant,G88 2nd,High impact,,3-Wed,2012-02-16 00:57:25,2012-03-13 04:20:52,26
5104,1-675685459,Queued-Awaiting Assignment,2012-03-07 17:22:21,2012-03-07,Robert,G88 2nd,High impact,,3-Wed,2012-02-16 00:57:25,2012-03-13 04:20:52,26
5117,1-675797761,Accepted-In Progress,2012-03-07 17:22:33,2012-03-07,Prashant,G88 2nd,High impact,,3-Wed,2012-02-16 00:44:16,2012-03-13 20:40:54,26
5118,1-675797761,Queued-Awaiting Assignment,2012-03-07 17:24:27,2012-03-07,Robert,G88 2nd,High impact,,3-Wed,2012-02-16 00:44:16,2012-03-13 20:40:54,26
5366,1-688515611,Accepted-Assigned,2012-03-07 17:48:46,2012-03-07,David,S30 2nd,High impact,,3-Wed,2012-02-27 20:08:27,2012-05-17 18:31:52,79
5554,1-693895885,Accepted-Assigned,2012-03-07 18:06:13,2012-03-07,David,S30 2nd,High impact,,3-Wed,2012-03-06 23:08:23,2012-04-18 05:30:21,42
1577,1-502353485,Completed-Closed,2012-03-07 21:28:01,2012-03-07,Eric,S33 2nd,High impact,,3-Wed,2011-02-23 19:17:42,2012-03-07 21:28:01,378
3664,1-617356985,Queued-Awaiting Assignment,2012-03-07 21:54:59,2012-03-07,Robert,G88 2nd,Medium impact,,3-Wed,2011-11-28 18:22:46,2012-03-13 20:44:47,106
5580,1-694385837,Accepted-In Progress,2012-03-07 23:15:19,2012-03-07,Hineesh,G88 2nd,Major impact,,3-Wed,2012-03-07 23:15:19,2012-03-29 01:42:57,21
5600,1-694794065,Accepted-In Progress,2012-03-08 19:24:42,2012-03-08,Roland,S33 2nd,Medium impact,,4-Thu,2012-03-08 19:24:42,2012-03-22 23:27:32,14
5601,1-694794065,Accepted-Assigned,2012-03-08 19:26:18,2012-03-08,Roland,S33 2nd,Medium impact,,4-Thu,2012-03-08 19:24:42,2012-03-22 23:27:32,14
5602,1-694794065,Accepted-In Progress,2012-03-08 21:37:47,2012-03-08,Roland,S33 2nd,Medium impact,,4-Thu,2012-03-08 19:24:42,2012-03-22 23:27:32,14
5581,1-694385837,Completed-Closed,2012-03-09 17:57:30,2012-03-09,Hineesh,G88 2nd,Major impact,,5-Fri,2012-03-07 23:15:19,2012-03-29 01:42:57,21
5636,1-695309312,Accepted-In Progress,2012-03-09 20:06:55,2012-03-09,Christophe,G88 2nd,High impact,,5-Fri,2012-03-09 20:06:55,2012-05-23 23:46:18,75
3300,1-597231167,Completed-Closed,2012-03-09 22:07:07,2012-03-09,Ramith,G88 2nd,Medium impact,,5-Fri,2011-10-28 22:17:58,2012-03-09 22:07:07,132
4376,1-637893062,Accepted-In Progress,2012-03-13 01:22:26,2012-03-13,Samira,S33 2nd,Medium impact,,2-Tue,2012-01-10 23:05:54,2012-03-13 01:22:39,62
4377,1-637893062,Completed-Closed,2012-03-13 01:22:39,2012-03-13,Samira,S33 2nd,Medium impact,,2-Tue,2012-01-10 23:05:54,2012-03-13 01:22:39,62
5105,1-675685459,Accepted-In Progress,2012-03-13 04:20:37,2012-03-13,Vaibhav,G88 2nd,High impact,,2-Tue,2012-02-16 00:57:25,2012-03-13 04:20:52,26
5106,1-675685459,Completed-Closed,2012-03-13 04:20:52,2012-03-13,Vaibhav,G88 2nd,High impact,,2-Tue,2012-02-16 00:57:25,2012-03-13 04:20:52,26
4973,1-664001411,Completed-Closed,2012-03-13 17:36:51,2012-03-13,Bhavesh,G88 2nd,High impact,,2-Tue,2012-02-10 02:24:55,2012-03-13 17:36:51,32
4929,1-660949435,Completed-Closed,2012-03-13 20:35:07,2012-03-13,Roland,S33 2nd,Low impact,,2-Tue,2012-02-09 02:07:29,2012-03-13 20:35:07,33
5478,1-691786096,Accepted-In Progress,2012-03-13 20:36:24,2012-03-13,Bhavesh,G88 2nd,High impact,,2-Tue,2012-03-02 17:32:14,2012-03-29 23:18:58,27
5479,1-691786096,Accepted-Assigned,2012-03-13 20:38:55,2012-03-13,Jörgen,G88 2nd,High impact,,2-Tue,2012-03-02 17:32:14,2012-03-29 23:18:58,27
5119,1-675797761,Accepted-In Progress,2012-03-13 20:40:45,2012-03-13,Bhavesh,G88 2nd,High impact,,2-Tue,2012-02-16 00:44:16,2012-03-13 20:40:54,26
5120,1-675797761,Completed-Closed,2012-03-13 20:40:54,2012-03-13,Bhavesh,G88 2nd,High impact,,2-Tue,2012-02-16 00:44:16,2012-03-13 20:40:54,26
3665,1-617356985,Accepted-In Progress,2012-03-13 20:44:07,2012-03-13,Bhavesh,G88 2nd,Medium impact,,2-Tue,2011-11-28 18:22:46,2012-03-13 20:44:47,106
3666,1-617356985,Completed-Closed,2012-03-13 20:44:47,2012-03-13,Bhavesh,G88 2nd,Medium impact,,2-Tue,2011-11-28 18:22:46,2012-03-13 20:44:47,106
3192,1-591301260,Completed-Closed,2012-03-13 22:19:08,2012-03-13,Håkan,S33 2nd,Medium impact,,2-Tue,2011-10-20 22:39:33,2012-03-13 22:19:08,144
5480,1-691786096,Accepted-Assigned,2012-03-13 22:53:26,2012-03-13,Jörgen,G88 2nd,High impact,,2-Tue,2012-03-02 17:32:14,2012-03-29 23:18:58,27
1689,1-513031774,Completed-Closed,2012-03-14 00:47:40,2012-03-14,Roland,S33 2nd,Low impact,,3-Wed,2011-04-05 16:39:04,2012-03-14 00:47:40,343
5705,1-697041731,Accepted-In Progress,2012-03-14 04:07:43,2012-03-14,Hineesh,G88 2nd,High impact,,3-Wed,2012-03-14 04:07:43,2012-03-28 21:40:14,14
5706,1-697041731,Accepted-Wait,2012-03-14 06:32:35,2012-03-14,Hineesh,G88 2nd,High impact,,3-Wed,2012-03-14 04:07:43,2012-03-28 21:40:14,14
5707,1-697041731,Completed-Closed,2012-03-14 06:33:09,2012-03-14,Hineesh,G88 2nd,High impact,,3-Wed,2012-03-14 04:07:43,2012-03-28 21:40:14,14
5715,1-697366925,Accepted-In Progress,2012-03-14 20:56:15,2012-03-14,Samira,S33 2nd,Medium impact,,3-Wed,2012-03-14 20:56:15,2012-04-23 23:52:14,40
4254,1-633184307,Completed-Closed,2012-03-14 23:23:58,2012-03-14,Sean,G88 2nd,Low impact,,3-Wed,2012-01-04 06:31:30,2012-03-14 23:23:58,70
5336,1-687668119,Accepted-Wait,2012-03-14 23:29:52,2012-03-14,Sean,G88 2nd,High impact,,3-Wed,2012-02-25 05:40:56,2012-03-14 23:31:01,18
5337,1-687668119,Completed-Closed,2012-03-14 23:31:01,2012-03-14,Sean,G88 2nd,High impact,,3-Wed,2012-02-25 05:40:56,2012-03-14 23:31:01,18
5761,1-698103331,Accepted-In Progress,2012-03-16 05:21:59,2012-03-16,Lars,S33 2nd,Medium impact,,5-Fri,2012-03-16 05:21:59,2012-04-11 23:28:54,26
3632,1-616288482,Completed-Closed,2012-03-19 16:12:22,2012-03-19,KumarGuru,G88 2nd,Medium impact,,1-Mon,2011-11-24 23:07:54,2012-03-19 16:12:22,115
1407,1-443175071,Completed-Closed,2012-03-19 17:18:42,2012-03-19,Katarina,S33 2nd,Medium impact,,1-Mon,2011-01-21 02:18:05,2012-03-19 17:18:42,423
4362,1-637685994,Completed-Closed,2012-03-19 20:17:49,2012-03-19,Göran,S33 2nd,Medium impact,,1-Mon,2012-01-10 19:07:38,2012-05-19 22:58:35,130
3526,1-607520800,Completed-Closed,2012-03-20 01:07:06,2012-03-20,Mikael,S33 2nd,Major impact,,2-Tue,2011-11-15 18:26:37,2012-03-20 01:07:06,125
4622,1-650123293,Completed-Closed,2012-03-20 06:37:49,2012-03-20,Roland,S33 2nd,Medium impact,,2-Tue,2012-01-23 22:22:40,2012-03-20 06:37:49,56
4499,1-642418588,Completed-Closed,2012-03-20 20:43:44,2012-03-20,Eric,S33 2nd,Medium impact,,2-Tue,2012-01-16 20:18:13,2012-03-20 20:43:44,64
3610,1-614451236,Completed-Closed,2012-03-20 22:47:33,2012-03-20,Bjarne,G88 2nd,Medium impact,,2-Tue,2011-11-23 16:06:12,2012-03-20 22:47:33,118
5076,1-673434441,Completed-Closed,2012-03-21 02:33:11,2012-03-21,Mikael,S33 2nd,Medium impact,,3-Wed,2012-02-15 02:19:57,2012-03-21 02:33:11,35
5221,1-682409211,Completed-Closed,2012-03-21 09:13:04,2012-03-21,Kamal,G271 2nd,Low impact,,3-Wed,2012-02-19 03:22:04,2012-03-21 09:13:04,31
5869,1-700566882,Accepted-In Progress,2012-03-22 01:12:40,2012-03-22,Fredrik,G88 2nd,Major impact,,4-Thu,2012-03-22 01:12:40,2012-04-21 00:56:16,29
5870,1-700566882,Accepted-Assigned,2012-03-22 01:13:20,2012-03-22,Fredrik,G88 2nd,Major impact,,4-Thu,2012-03-22 01:12:40,2012-04-21 00:56:16,29
5603,1-694794065,Completed-Closed,2012-03-22 23:27:32,2012-03-22,Roland,S33 2nd,Medium impact,,4-Thu,2012-03-08 19:24:42,2012-03-22 23:27:32,14
5895,1-701525462,Accepted-In Progress,2012-03-23 19:13:26,2012-03-23,Komaraiah,G88 2nd,Major impact,,5-Fri,2012-03-23 19:13:26,2012-03-23 19:16:35,0
5896,1-701525462,Completed-Closed,2012-03-23 19:16:35,2012-03-23,Komaraiah,G88 2nd,Major impact,,5-Fri,2012-03-23 19:13:26,2012-03-23 19:16:35,0
3262,1-595687232,Accepted-In Progress,2012-03-23 19:49:00,2012-03-23,Marco,S30 2nd,Medium impact,,5-Fri,2011-10-27 01:28:06,2012-03-23 19:51:13,148
3263,1-595687232,Completed-Closed,2012-03-23 19:51:13,2012-03-23,Marco,S30 2nd,Medium impact,,5-Fri,2011-10-27 01:28:06,2012-03-23 19:51:13,148
3266,1-596251950,Accepted-In Progress,2012-03-23 22:52:39,2012-03-23,Christer,S30 2nd,Medium impact,,5-Fri,2011-10-27 17:39:11,2012-03-23 22:52:47,148
3267,1-596251950,Completed-Closed,2012-03-23 22:52:47,2012-03-23,Christer,S30 2nd,Medium impact,,5-Fri,2011-10-27 17:39:11,2012-03-23 22:52:47,148
872,1-390722958,Accepted-In Progress,2012-03-23 22:53:11,2012-03-23,Christer,S30 2nd,Low impact,,5-Fri,2010-08-11 18:39:44,2012-03-23 22:54:08,590
873,1-390722958,Completed-Closed,2012-03-23 22:54:08,2012-03-23,Christer,S30 2nd,Low impact,,5-Fri,2010-08-11 18:39:44,2012-03-23 22:54:08,590
1741,1-515461174,Completed-Closed,2012-03-26 17:27:45,2012-03-26,Roland,S33 2nd,Low impact,,1-Mon,2011-04-11 23:56:28,2012-03-26 17:27:45,349
5582,1-694385837,Accepted-In Progress,2012-03-26 21:48:52,2012-03-26,Hineesh,G88 2nd,Major impact,,1-Mon,2012-03-07 23:15:19,2012-03-29 01:42:57,21
5583,1-694385837,Completed-Closed,2012-03-26 21:49:58,2012-03-26,Hineesh,G88 2nd,Major impact,,1-Mon,2012-03-07 23:15:19,2012-03-29 01:42:57,21
4363,1-637685994,Accepted-In Progress,2012-03-26 23:03:30,2012-03-26,Göran,S33 2nd,Medium impact,,1-Mon,2012-01-10 19:07:38,2012-05-19 22:58:35,130
2691,1-567718361,Completed-Closed,2012-03-27 02:00:49,2012-03-27,Fredrik,G88 2nd,Medium impact,,2-Tue,2011-09-06 18:29:51,2012-03-27 02:00:49,202
4059,1-624219528,Completed-Closed,2012-03-27 19:36:54,2012-03-27,Rickard,S33 2nd,Low impact,,2-Tue,2011-12-15 19:55:26,2012-03-27 19:36:54,102
4993,1-669202942,Completed-Closed,2012-03-28 07:15:40,2012-03-28,Per,S33 2nd,Medium impact,,3-Wed,2012-02-13 06:01:32,2012-03-28 07:15:40,44
4603,1-649887393,Completed-Closed,2012-03-28 19:23:22,2012-03-28,Per,S33 2nd,Medium impact,,3-Wed,2012-01-23 18:18:48,2012-03-28 19:23:22,65
5708,1-697041731,Accepted-In Progress,2012-03-28 21:23:16,2012-03-28,Hineesh,G88 2nd,High impact,,3-Wed,2012-03-14 04:07:43,2012-03-28 21:40:14,14
5709,1-697041731,Completed-Closed,2012-03-28 21:40:14,2012-03-28,Hineesh,G88 2nd,High impact,,3-Wed,2012-03-14 04:07:43,2012-03-28 21:40:14,14
5584,1-694385837,Accepted-In Progress,2012-03-28 21:46:45,2012-03-28,Hineesh,G88 2nd,Major impact,,3-Wed,2012-03-07 23:15:19,2012-03-29 01:42:57,21
5585,1-694385837,Accepted-In Progress,2012-03-28 21:48:55,2012-03-28,Hineesh,G88 2nd,Major impact,,3-Wed,2012-03-07 23:15:19,2012-03-29 01:42:57,21
5586,1-694385837,Completed-Closed,2012-03-28 21:48:56,2012-03-28,Hineesh,G88 2nd,Major impact,,3-Wed,2012-03-07 23:15:19,2012-03-29 01:42:57,21
5587,1-694385837,Accepted-In Progress,2012-03-28 22:00:52,2012-03-28,Hineesh,G88 2nd,Major impact,,3-Wed,2012-03-07 23:15:19,2012-03-29 01:42:57,21
5588,1-694385837,Completed-Closed,2012-03-29 01:42:57,2012-03-29,Hineesh,G88 2nd,Major impact,,4-Thu,2012-03-07 23:15:19,2012-03-29 01:42:57,21
4290,1-636102195,Completed-Closed,2012-03-29 01:51:35,2012-03-29,Hineesh,G88 2nd,Medium impact,,4-Thu,2012-01-07 01:05:47,2012-03-29 01:51:35,82
4829,1-659137375,Completed-Closed,2012-03-29 16:30:58,2012-03-29,Irfan,G88 2nd,Medium impact,,4-Thu,2012-02-06 16:53:05,2012-03-29 16:30:58,51
5513,1-693357728,Completed-Closed,2012-03-29 23:12:42,2012-03-29,Jörgen,G88 2nd,High impact,,4-Thu,2012-03-06 01:28:53,2012-03-29 23:12:42,23
5481,1-691786096,Completed-Closed,2012-03-29 23:18:58,2012-03-29,Jörgen,G88 2nd,High impact,,4-Thu,2012-03-02 17:32:14,2012-03-29 23:18:58,27
5871,1-700566882,Accepted-In Progress,2012-03-29 23:34:18,2012-03-29,Fredrik,G88 2nd,Major impact,,4-Thu,2012-03-22 01:12:40,2012-04-21 00:56:16,29
5872,1-700566882,Completed-Closed,2012-03-29 23:34:44,2012-03-29,Fredrik,G88 2nd,Major impact,,4-Thu,2012-03-22 01:12:40,2012-04-21 00:56:16,29
5410,1-689525975,Completed-Closed,2012-03-30 18:00:24,2012-03-30,Roland,S33 2nd,Medium impact,,5-Fri,2012-02-29 01:30:43,2012-03-30 18:00:24,30
5873,1-700566882,Accepted-In Progress,2012-03-30 19:43:09,2012-03-30,Fredrik,G88 2nd,Major impact,,5-Fri,2012-03-22 01:12:40,2012-04-21 00:56:16,29
1316,1-432687815,Completed-Closed,2012-04-02 18:35:12,2012-04-02,Bengt,G88 2nd,High impact,,1-Mon,2010-12-22 22:09:10,2012-04-02 18:35:12,466
6066,1-706988783,Accepted-In Progress,2012-04-02 23:07:28,2012-04-02,Håkan,S33 2nd,High impact,,1-Mon,2012-04-02 23:07:28,2012-05-09 21:51:26,36
4676,1-652874271,Completed-Closed,2012-04-03 01:10:52,2012-04-03,Håkan,S33 2nd,Medium impact,,2-Tue,2012-01-26 17:21:24,2012-04-03 01:10:52,67
6100,1-707704098,Accepted-In Progress,2012-04-03 20:24:46,2012-04-03,Rickard,S33 2nd,Low impact,,2-Tue,2012-04-03 20:24:46,2012-05-04 21:46:53,31
6126,1-708716045,Accepted-In Progress,2012-04-04 21:02:46,2012-04-04,Rickard,S33 2nd,Medium impact,,3-Wed,2012-04-04 21:02:46,2012-04-18 17:08:02,13
6132,1-709461909,Accepted-In Progress,2012-04-05 17:04:46,2012-04-05,Thomas,G88 2nd,Major impact,,4-Thu,2012-04-05 17:04:46,2012-05-24 19:17:19,49
4326,1-637035141,Completed-Closed,2012-04-11 23:27:17,2012-04-11,Lars,S33 2nd,High impact,,3-Wed,2012-01-09 20:42:24,2012-04-11 23:27:17,93
5762,1-698103331,Completed-Closed,2012-04-11 23:28:54,2012-04-11,Lars,S33 2nd,Medium impact,,3-Wed,2012-03-16 05:21:59,2012-04-11 23:28:54,26
5560,1-694212171,Completed-Closed,2012-04-12 17:17:37,2012-04-12,Torbjörn,S33 2nd,Medium impact,,4-Thu,2012-03-07 17:05:20,2012-04-12 17:17:37,36
2962,1-579250167,Completed-Closed,2012-04-12 22:37:07,2012-04-12,Hineesh,G88 2nd,Medium impact,,4-Thu,2011-09-30 12:22:34,2012-04-12 22:37:07,195
5224,1-682409241,Completed-Closed,2012-04-16 18:50:57,2012-04-16,Kamal,G271 2nd,Low impact,,1-Mon,2012-02-19 03:50:31,2012-04-16 18:50:57,57
2944,1-578686199,Completed-Closed,2012-04-16 19:49:57,2012-04-16,Antony,G88 2nd,Medium impact,,1-Mon,2011-09-28 22:01:35,2012-04-16 19:49:57,200
2924,1-578252937,Completed-Closed,2012-04-17 20:36:39,2012-04-17,Lars-Ove,G88 2nd,Low impact,,2-Tue,2011-09-27 22:03:45,2012-04-17 20:36:39,202
5555,1-693895885,Accepted-In Progress,2012-04-18 05:30:19,2012-04-18,David,S30 2nd,High impact,,3-Wed,2012-03-06 23:08:23,2012-04-18 05:30:21,42
5556,1-693895885,Completed-Closed,2012-04-18 05:30:21,2012-04-18,David,S30 2nd,High impact,,3-Wed,2012-03-06 23:08:23,2012-04-18 05:30:21,42
6127,1-708716045,Completed-Closed,2012-04-18 17:08:02,2012-04-18,Rickard,S33 2nd,Medium impact,,3-Wed,2012-04-04 21:02:46,2012-04-18 17:08:02,13
1824,1-519020627,Completed-Closed,2012-04-18 23:18:29,2012-04-18,Gilles,G88 2nd,Low impact,,3-Wed,2011-04-20 20:22:30,2012-04-18 23:18:29,364
5050,1-673056371,Completed-Closed,2012-04-20 04:09:38,2012-04-20,Torbjörn,S33 2nd,Medium impact,,5-Fri,2012-02-14 18:06:50,2012-04-20 04:09:38,65
5444,1-690926911,Completed-Closed,2012-04-20 04:12:12,2012-04-20,Torbjörn,S33 2nd,Medium impact,,5-Fri,2012-03-01 22:44:24,2012-04-20 04:12:12,49
5874,1-700566882,Completed-Closed,2012-04-21 00:56:16,2012-04-21,Fredrik,G88 2nd,Major impact,,6-Sat,2012-03-22 01:12:40,2012-04-21 00:56:16,29
5716,1-697366925,Completed-Closed,2012-04-23 23:52:14,2012-04-23,Samira,S33 2nd,Medium impact,,1-Mon,2012-03-14 20:56:15,2012-04-23 23:52:14,40
6374,1-730923421,Accepted-In Progress,2012-04-24 23:09:13,2012-04-24,Kamal,G271 2nd,Low impact,,2-Tue,2012-04-24 23:09:13,2012-05-11 01:56:14,16
6375,1-730923421,Accepted-Wait,2012-04-24 23:09:47,2012-04-24,Kamal,G271 2nd,Low impact,,2-Tue,2012-04-24 23:09:13,2012-05-11 01:56:14,16
6391,1-732357301,Accepted-In Progress,2012-04-26 02:18:15,2012-04-26,Rohit,G271 2nd,Medium impact,,4-Thu,2012-04-26 02:18:15,2012-05-14 22:27:02,18
6392,1-732357301,Accepted-Wait,2012-04-26 02:59:52,2012-04-26,Rohit,G271 2nd,Medium impact,,4-Thu,2012-04-26 02:18:15,2012-05-14 22:27:02,18
6415,1-734921423,Accepted-In Progress,2012-04-27 22:34:05,2012-04-27,Bjarne,G88 2nd,Medium impact,,5-Fri,2012-04-27 22:34:05,2012-05-08 23:02:28,11
4678,1-652925445,Completed-Closed,2012-04-30 22:21:26,2012-04-30,Rickard,S33 2nd,Low impact,,1-Mon,2012-01-26 18:54:38,2012-04-30 22:21:26,95
5153,1-678626550,Accepted-In Progress,2012-05-02 20:00:11,2012-05-02,Samira,S33 2nd,Medium impact,,3-Wed,2012-02-16 20:22:52,2012-05-02 20:03:30,75
5154,1-678626550,Completed-Closed,2012-05-02 20:03:30,2012-05-02,Samira,S33 2nd,Medium impact,,3-Wed,2012-02-16 20:22:52,2012-05-02 20:03:30,75
5170,1-681864502,Accepted-In Progress,2012-05-02 20:04:26,2012-05-02,Samira,S33 2nd,Low impact,,3-Wed,2012-02-17 18:57:37,2012-05-29 17:45:23,101
6490,1-740409214,Accepted-In Progress,2012-05-04 18:15:41,2012-05-04,Vincent,G88 2nd,Major impact,,5-Fri,2012-05-04 18:15:41,2012-05-07 18:12:12,2
2506,1-550611848,Completed-Closed,2012-05-04 19:56:48,2012-05-04,Bharath,S33 2nd,Medium impact,,5-Fri,2011-08-17 00:45:30,2012-05-04 19:56:48,261
6101,1-707704098,Completed-Closed,2012-05-04 21:46:53,2012-05-04,Rickard,S33 2nd,Low impact,,5-Fri,2012-04-03 20:24:46,2012-05-04 21:46:53,31
6491,1-740409214,Completed-Closed,2012-05-07 18:12:12,2012-05-07,Vincent,G88 2nd,Major impact,,1-Mon,2012-05-04 18:15:41,2012-05-07 18:12:12,2
6525,1-742296921,Accepted-In Progress,2012-05-08 20:27:37,2012-05-08,Robert,G88 2nd,High impact,,2-Tue,2012-05-08 20:27:37,2012-05-23 00:12:41,14
6526,1-742296921,Queued-Awaiting Assignment,2012-05-08 20:30:54,2012-05-08,Robert,G88 2nd,High impact,,2-Tue,2012-05-08 20:27:37,2012-05-23 00:12:41,14
6529,1-742383139,Accepted-In Progress,2012-05-08 22:51:43,2012-05-08,David,S30 2nd,High impact,,2-Tue,2012-05-08 22:51:43,2012-05-17 18:35:01,8
6530,1-742383139,Accepted-Assigned,2012-05-08 22:58:54,2012-05-08,David,S30 2nd,High impact,,2-Tue,2012-05-08 22:51:43,2012-05-17 18:35:01,8
6416,1-734921423,Completed-Closed,2012-05-08 23:02:28,2012-05-08,Bjarne,G88 2nd,Medium impact,,2-Tue,2012-04-27 22:34:05,2012-05-08 23:02:28,11
6067,1-706988783,Completed-Closed,2012-05-09 21:51:26,2012-05-09,Håkan,S33 2nd,High impact,,3-Wed,2012-04-02 23:07:28,2012-05-09 21:51:26,36
6376,1-730923421,Completed-Closed,2012-05-11 01:56:14,2012-05-11,Kamal,G271 2nd,Low impact,,5-Fri,2012-04-24 23:09:13,2012-05-11 01:56:14,16
6393,1-732357301,Accepted-In Progress,2012-05-14 21:05:13,2012-05-14,Rohit,G271 2nd,Medium impact,,1-Mon,2012-04-26 02:18:15,2012-05-14 22:27:02,18
6394,1-732357301,Completed-Closed,2012-05-14 22:27:02,2012-05-14,Rohit,G271 2nd,Medium impact,,1-Mon,2012-04-26 02:18:15,2012-05-14 22:27:02,18
6584,1-746123906,Accepted-In Progress,2012-05-16 21:23:17,2012-05-16,Hineesh,G88 2nd,High impact,,3-Wed,2012-05-16 21:23:17,2012-05-22 20:19:21,5
5367,1-688515611,Accepted-Assigned,2012-05-17 18:31:38,2012-05-17,Gustav,S30 2nd,High impact,,4-Thu,2012-02-27 20:08:27,2012-05-17 18:31:52,79
5368,1-688515611,Accepted-In Progress,2012-05-17 18:31:41,2012-05-17,David,S30 2nd,High impact,,4-Thu,2012-02-27 20:08:27,2012-05-17 18:31:52,79
5369,1-688515611,Completed-Closed,2012-05-17 18:31:52,2012-05-17,David,S30 2nd,High impact,,4-Thu,2012-02-27 20:08:27,2012-05-17 18:31:52,79
6531,1-742383139,Accepted-In Progress,2012-05-17 18:35:00,2012-05-17,David,S30 2nd,High impact,,4-Thu,2012-05-08 22:51:43,2012-05-17 18:35:01,8
6532,1-742383139,Completed-Closed,2012-05-17 18:35:01,2012-05-17,David,S30 2nd,High impact,,4-Thu,2012-05-08 22:51:43,2012-05-17 18:35:01,8
5276,1-686557724,Accepted-In Progress,2012-05-17 18:40:21,2012-05-17,David,S30 2nd,High impact,,4-Thu,2012-02-22 20:44:10,2012-05-17 18:40:23,84
5277,1-686557724,Completed-Closed,2012-05-17 18:40:23,2012-05-17,David,S30 2nd,High impact,,4-Thu,2012-02-22 20:44:10,2012-05-17 18:40:23,84
4462,1-641083987,Accepted-In Progress,2012-05-17 18:54:33,2012-05-17,David,S30 2nd,Medium impact,,4-Thu,2012-01-13 18:43:55,2012-05-17 18:54:35,125
4463,1-641083987,Completed-Closed,2012-05-17 18:54:35,2012-05-17,David,S30 2nd,Medium impact,,4-Thu,2012-01-13 18:43:55,2012-05-17 18:54:35,125
4364,1-637685994,Completed-Closed,2012-05-19 22:58:35,2012-05-19,Göran,S33 2nd,Medium impact,,6-Sat,2012-01-10 19:07:38,2012-05-19 22:58:35,130
6585,1-746123906,Completed-Closed,2012-05-22 20:19:21,2012-05-22,Hineesh,G88 2nd,High impact,,2-Tue,2012-05-16 21:23:17,2012-05-22 20:19:21,5
6527,1-742296921,Accepted-In Progress,2012-05-22 23:28:14,2012-05-22,Vaibhav,G88 2nd,High impact,,2-Tue,2012-05-08 20:27:37,2012-05-23 00:12:41,14
6528,1-742296921,Completed-Closed,2012-05-23 00:12:41,2012-05-23,Vaibhav,G88 2nd,High impact,,3-Wed,2012-05-08 20:27:37,2012-05-23 00:12:41,14
6622,1-748850514,Accepted-In Progress,2012-05-23 16:18:50,2012-05-23,Hineesh,G88 2nd,High impact,,3-Wed,2012-05-23 16:18:50,2012-05-29 14:43:36,5
3442,1-603537274,Accepted-Wait,2012-05-23 21:48:56,2012-05-23,KumarGuru,G88 2nd,Medium impact,,3-Wed,2011-11-07 15:50:44,2012-05-28 15:16:32,202
4521,1-642846054,Completed-Closed,2012-05-23 21:53:24,2012-05-23,Ramith,G88 2nd,Medium impact,,3-Wed,2012-01-17 01:03:47,2012-05-23 21:53:24,127
5637,1-695309312,Completed-Closed,2012-05-23 23:46:18,2012-05-23,Christophe,G88 2nd,High impact,,3-Wed,2012-03-09 20:06:55,2012-05-23 23:46:18,75
2248,1-539083171,Completed-Closed,2012-05-24 02:00:04,2012-05-24,Katarina,S33 2nd,Medium impact,,4-Thu,2011-07-05 22:33:46,2012-05-24 02:00:04,323
6133,1-709461909,Completed-Closed,2012-05-24 19:17:19,2012-05-24,Thomas,G88 2nd,Major impact,,4-Thu,2012-04-05 17:04:46,2012-05-24 19:17:19,49
4213,1-629629428,Accepted-In Progress,2012-05-24 23:40:31,2012-05-24,Christian,G88 2nd,Medium impact,,4-Thu,2011-12-27 18:05:25,2012-05-24 23:41:49,149
4214,1-629629428,Completed-Closed,2012-05-24 23:41:49,2012-05-24,Christian,G88 2nd,Medium impact,,4-Thu,2011-12-27 18:05:25,2012-05-24 23:41:49,149
3443,1-603537274,Completed-Closed,2012-05-28 15:16:32,2012-05-28,KumarGuru,G88 2nd,Medium impact,,1-Mon,2011-11-07 15:50:44,2012-05-28 15:16:32,202
4119,1-626292231,Completed-Closed,2012-05-28 19:50:17,2012-05-28,Vaibhav,G88 2nd,Medium impact,,1-Mon,2011-12-20 10:48:36,2012-05-28 20:06:04,160
5503,1-692715494,Completed-Closed,2012-05-28 19:57:12,2012-05-28,Vaibhav,G88 2nd,Low impact,,1-Mon,2012-03-05 15:23:01,2012-05-28 19:57:12,84
4120,1-626292231,Accepted-In Progress,2012-05-28 20:04:15,2012-05-28,Vaibhav,G88 2nd,Medium impact,,1-Mon,2011-12-20 10:48:36,2012-05-28 20:06:04,160
4121,1-626292231,Completed-Closed,2012-05-28 20:06:04,2012-05-28,Vaibhav,G88 2nd,Medium impact,,1-Mon,2011-12-20 10:48:36,2012-05-28 20:06:04,160
6623,1-748850514,Completed-Closed,2012-05-29 14:43:36,2012-05-29,Hineesh,G88 2nd,High impact,,2-Tue,2012-05-23 16:18:50,2012-05-29 14:43:36,5
5171,1-681864502,Completed-Closed,2012-05-29 17:45:23,2012-05-29,Samira,S33 2nd,Low impact,,2-Tue,2012-02-17 18:57:37,2012-05-29 17:45:23,101
